"NAME:","Blyth at Hartford Bridge"
"NUMBER:","22006"
"DATE","STAGE (m)","FLOW (m^3/s)","RATING","SOURCE","COMMENT","AMAX ONLY"
10/12/1960 00:00,0.701,24.65,"3b","mfiche","Taken from northumbria high flows study",""
03/01/1961 00:00,0.914,39.77,"3b","mfiche","Taken from northumbria high flows study",""
06/01/1961 00:00,0.704,24.85,"3b","mfiche","Taken from northumbria high flows study",""
19/01/1961 00:00,0.625,20.04,"3b","mfiche","Taken from northumbria high flows study",""
05/05/1961 00:00,0.701,24.65,"3b","mfiche","Taken from northumbria high flows study",""
11/12/1961 00:00,0.875,36.72,"3b","mfiche","Taken from northumbria high flows study",""
05/01/1962 00:00,0.808,31.81,"3b","mfiche","Taken from northumbria high flows study",""
12/09/1962 00:00,0.701,24.65,"3b","mfiche","Taken from northumbria high flows study",""
24/11/1962 00:00,0.643,21.11,"3b","mfiche","Taken from northumbria high flows study",""
05/01/1963 00:00,0.625,20.04,"3b","mfiche","Taken from northumbria high flows study",""
07/03/1963 20:00,1.675,118.79,"3c","Digital Archive","Peak examined by eye appears reasonable.",""
13/03/1963 00:00,0.823,32.90,"3b","mfiche","Taken from northumbria high flows study",""
10/08/1963 00:00,,21.69,"3a","spreadsheet","",""
07/11/1963 00:00,,71.25,"3a","spreadsheet","",""
10/11/1963 00:00,,57.14,"3a","spreadsheet","",""
18/11/1963 00:00,,29.30,"3a","spreadsheet","",""
21/11/1963 00:00,0.827,33.19,"3b","Spreadsheet","Taken from northumbria high flows study",""
23/12/1963 00:00,1.160,61.01,"3b","Spreadsheet","Taken from northumbria high flows study",""
14/03/1964 00:00,,55.75,"3a","spreadsheet","",""
23/03/1965 00:00,,36.60,"3a","spreadsheet","",""
18/05/1965 00:00,,27.05,"3a","spreadsheet","",""
04/09/1965 00:00,,20.61,"3a","spreadsheet","",""
07/09/1965 00:00,,25.27,"3a","spreadsheet","",""
18/09/1965 00:00,,29.09,"3a","spreadsheet","",""
28/09/1965 00:00,,33.81,"3a","spreadsheet","",""
01/10/1965 09:00,,65.50,"3a","spreadsheet","",""
20/11/1965 01:00,1.432,89.17,"3b","Digital Archive","Peak examined by eye appears reasonable.",""
23/11/1965 00:00,0.900,38.64,"3b","Spreadsheet","Taken from northumbria high flows study",""
03/12/1965 00:00,0.800,31.27,"3b","FSR","",""
08/02/1966 00:00,0.920,40.21,"3b","FSR","",""
01/03/1966 00:00,0.280,4.40,"3a","FSR","",""
10/04/1966 10:30,1.340,79.12,"3b","Digital Archive","",""
12/05/1966 00:00,0.460,11.55,"3b","FSR","",""
23/06/1966 00:00,0.460,11.55,"3b","FSR","",""
14/07/1966 00:00,0.120,0.36,"3a","FSR","",""
13/08/1966 00:00,0.960,43.41,"3b","FSR","",""
12/09/1966 00:00,0.310,5.68,"3b","FSR","",""
04/10/1966 00:00,0.700,24.59,"3b","FSR","",""
30/11/1966 00:00,0.420,9.80,"3b","FSR","",""
12/12/1966 00:00,0.910,39.43,"3b","FSR","",""
23/01/1967 00:00,0.530,14.90,"3b","FSR","",""
22/02/1967 00:00,0.850,34.87,"3b","FSR","",""
09/03/1967 00:00,0.300,4.85,"3a","FSR","",""
08/04/1967 00:00,0.200,1.63,"3a","FSR","",""
15/05/1967 00:00,0.400,8.98,"3b","FSR","",""
01/06/1967 00:00,0.170,1.01,"3a","FSR","",""
14/07/1967 00:00,0.260,3.54,"3a","FSR","",""
18/08/1967 00:00,0.500,13.42,"3b","FSR","",""
23/09/1967 00:00,0.190,1.40,"3a","FSR","",""
17/10/1967 00:00,1.110,56.38,"3b","FSR","",""
03/11/1967 00:00,1.270,71.84,"3b","FSR","",""
12/12/1967 00:00,0.390,8.58,"3b","FSR","",""
16/01/1968 00:00,0.640,20.92,"3b","FSR","",""
06/02/1968 00:00,0.650,21.52,"3b","FSR","",""
23/03/1968 00:00,0.600,18.63,"3b","FSR","",""
13/08/1968 00:00,1.093,54.86,"3b","Spreadsheet","Taken from northumbria high flows study",""
31/10/1968 00:00,1.134,57.62,"4d","Spreadsheet","Taken from northumbria high flows study",""
03/11/1968 00:00,0.892,30.97,"4c","Spreadsheet","Taken from northumbria high flows study",""
18/12/1968 00:00,1.354,80.03,"4d","Spreadsheet","Taken from northumbria high flows study",""
01/01/1969 00:00,0.879,29.67,"4c","Spreadsheet","Taken from northumbria high flows study",""
07/01/1969 00:00,0.918,33.69,"4c","Spreadsheet","Taken from northumbria high flows study",""
12/01/1969 00:00,0.984,41.31,"4c","Spreadsheet","Taken from northumbria high flows study",""
20/01/1969 00:00,1.011,44.70,"4c","Spreadsheet","Taken from northumbria high flows study",""
23/02/1969 00:00,0.854,27.20,"4c","Spreadsheet","Taken from northumbria high flows study",""
15/03/1969 00:00,0.879,29.67,"4c","Spreadsheet","Taken from northumbria high flows study",""
03/05/1969 00:00,0.892,30.97,"4c","Spreadsheet","Taken from northumbria high flows study",""
06/05/1969 00:00,0.957,38.12,"4c","Spreadsheet","Taken from northumbria high flows study",""
03/06/1969 00:00,0.816,23.80,"4c","Spreadsheet","Taken from northumbria high flows study",""
15/11/1969 00:00,0.919,33.82,"4c","Spreadsheet","Taken from northumbria high flows study",""
22/11/1969 00:00,0.894,31.17,"4c","Spreadsheet","Taken from northumbria high flows study",""
27/11/1969 00:00,0.862,27.96,"4c","Spreadsheet","Taken from northumbria high flows study",""
21/12/1969 00:00,0.878,29.54,"4c","Spreadsheet","Taken from northumbria high flows study",""
11/01/1970 00:00,0.794,22.01,"4c","Spreadsheet","Taken from northumbria high flows study",""
16/01/1970 00:00,0.890,30.76,"4c","FSR","",""
18/01/1970 00:00,0.858,27.58,"4c","Spreadsheet","Taken from northumbria high flows study",""
19/02/1970 00:00,0.964,38.92,"4c","Spreadsheet","Taken from northumbria high flows study",""
21/02/1970 00:00,0.834,25.39,"4c","Spreadsheet","Taken from northumbria high flows study",""
22/02/1970 00:00,0.770,20.09,"4c","FSR","Taken from northumbria high flows study",""
25/03/1970 00:00,1.077,52.40,"4d","Spreadsheet","Taken from northumbria high flows study",""
16/10/1970 00:00,0.981,40.94,"4c","Spreadsheet","Taken from northumbria high flows study",""
28/01/1971 00:00,0.854,27.20,"4c","Spreadsheet","Taken from northumbria high flows study",""
29/01/1971 00:00,0.790,21.67,"4c","FSR","Taken from northumbria high flows study",""
17/03/1971 00:00,1.020,45.93,"4c","FSR","Non-independent peak removed Taken from northumbria high flows study",""
18/03/1971 00:00,1.188,62.85,"4d","Spreadsheet","Non-independent peak removed Taken from northumbria high flows study",""
19/03/1971 00:00,0.920,33.91,"4c","FSR","Taken from northumbria high flows study",""
20/03/1971 00:00,1.047,49.54,"4c","Spreadsheet","Taken from northumbria high flows study",""
24/04/1971 00:00,0.973,39.96,"4c","Spreadsheet","Taken from northumbria high flows study",""
14/08/1971 00:00,1.051,50.09,"4d","Spreadsheet","Taken from northumbria high flows study",""
26/01/1972 04:15,1.072,51.95,"4d","Spreadsheet","Taken from northumbria high flows study",""
02/02/1972 00:00,0.840,25.95,"4c","FSR","Taken from northumbria high flows study",""
03/02/1972 03:45,1.153,59.43,"4d","Spreadsheet","Taken from northumbria high flows study",""
16/02/1972 00:00,0.760,19.34,"4c","FSR","",""
17/02/1972 18:30,0.802,22.65,"4c","Spreadsheet","Taken from northumbria high flows study",""
16/03/1972 07:15,1.218,65.83,"4d","Spreadsheet","Taken from northumbria high flows study",""
27/05/1973 00:00,0.680,13.94,"4c","FSR","",""
10/12/1973 00:00,0.570,8.58,"4b","FSR","",""
22/11/1974 22:00,0.955,37.82,"4c","Spreadsheet","Taken from northumbria high flows study",""
29/12/1974 00:00,0.850,26.87,"4c","FSR","",""
14/05/1975 14:30,0.938,35.94,"4c","Spreadsheet","Taken from northumbria high flows study",""
30/09/1976 08:45,0.934,35.49,"4c","Spreadsheet","Taken from northumbria high flows study",""
02/10/1976 18:15,1.081,52.74,"4d","Spreadsheet","Taken from northumbria high flows study",""
15/10/1976 22:30,1.228,66.79,"4d","Spreadsheet","Taken from northumbria high flows study",""
14/01/1977 06:15,1.559,103.90,"4d","Spreadsheet","Taken from northumbria high flows study",""
21/01/1977 22:15,0.897,31.44,"4c","Spreadsheet","Taken from northumbria high flows study",""
25/01/1977 04:30,0.871,28.90,"4c","Spreadsheet","Taken from northumbria high flows study",""
10/02/1977 21:30,1.120,56.30,"4d","Spreadsheet","Taken from northumbria high flows study",""
29/01/1978 15:15,1.325,76.92,"4d","Spreadsheet","Taken from northumbria high flows study",""
02/02/1978 19:00,0.861,27.88,"4c","Spreadsheet","Taken from northumbria high flows study",""
04/02/1978 02:15,0.867,28.51,"4c","Spreadsheet","Taken from northumbria high flows study",""
24/02/1978 18:30,1.253,69.31,"4d","Spreadsheet","Taken from northumbria high flows study",""
05/05/1978 07:30,1.043,48.97,"4c","Spreadsheet","Taken from northumbria high flows study",""
08/12/1978 08:00,0.876,24.29,"2b","Spreadsheet","Taken from northumbria high flows study",""
22/12/1978 00:00,1.814,117.47,"2b","Spreadsheet","Taken from northumbria high flows study",""
26/12/1978 00:00,1.318,59.00,"2b","Spreadsheet","Taken from northumbria high flows study",""
07/01/1979 21:00,1.211,49.06,"2b","Spreadsheet","Taken from northumbria high flows study",""
20/01/1979 17:45,0.818,20.91,"2b","Spreadsheet","Taken from northumbria high flows study",""
27/02/1979 10:15,0.946,28.71,"2b","Spreadsheet","Taken from northumbria high flows study",""
29/03/1979 11:00,1.620,92.09,"2b","Digital Archive","Peak examined by eye appears reasonable.",""
27/05/1979 09:45,0.799,19.86,"2b","Spreadsheet","Taken from northumbria high flows study",""
11/11/1979 04:15,0.855,23.06,"2b","Spreadsheet","Taken from northumbria high flows study",""
15/11/1979 01:30,0.848,22.63,"2b","from monthly summary tables on fiche","Taken from northumbria high flows study",""
08/02/1980 18:00,1.089,39.00,"2b","from monthly summary tables on fiche","Taken from northumbria high flows study",""
09/02/1980 21:15,0.893,25.33,"2b","from monthly summary tables on fiche","",""
18/03/1980 00:00,1.055,36.41,"2b","Spreadsheet","Taken from northumbria high flows study",""
29/03/1980 00:00,1.066,37.22,"2b","Spreadsheet","Taken from northumbria high flows study",""
02/03/1981 23:00,1.870,125.45,"2b","Digital Archive","Peak examined by eye appears reasonable.",""
10/03/1981 19:00,0.850,22.74,"2b","from monthly summary tables on fiche","",""
25/04/1981 18:45,0.840,22.16,"2b","from monthly summary tables on fiche","",""
30/11/1981 21:00,0.849,22.68,"2b","from monthly summary tables on fiche","",""
29/12/1981 22:00,0.918,26.90,"2b","from monthly summary tables on fiche","",""
30/12/1981 06:30,1.029,34.49,"2b","from monthly summary tables on fiche","",""
04/01/1982 06:30,1.822,118.62,"2b","Digital Archive","Peak examined by eye appears reasonable.",""
19/01/1982 19:45,0.665,13.24,"2a","Digital Archive","",""
08/12/1982 21:15,0.717,15.67,"2b","Digital Archive","",""
19/12/1982 22:45,0.675,13.73,"2b","Digital Archive","",""
06/01/1983 17:30,0.649,12.41,"2a","Digital Archive","",""
07/02/1983 05:15,0.713,15.48,"2b","Digital Archive","",""
15/02/1983 05:00,0.725,16.06,"2b","Digital Archive","",""
21/04/1983 07:15,0.865,23.63,"2b","Digital Archive","",""
29/04/1983 06:30,0.819,20.97,"2b","Digital Archive","",""
02/05/1983 20:15,0.949,28.92,"2b","Digital Archive","",""
07/05/1983 06:45,0.649,12.41,"2a","Digital Archive","",""
01/06/1983 21:30,0.953,29.18,"2b","Digital Archive","",""
24/12/1983 21:30,1.064,37.08,"2b","Digital Archive","",""
17/01/1984 12:30,0.725,16.06,"2b","Digital Archive","",""
29/01/1984 08:15,0.850,22.74,"2b","Digital Archive","",""
04/02/1984 01:15,0.936,28.06,"2b","Digital Archive","",""
07/02/1984 06:15,0.723,15.96,"2b","Digital Archive","",""
26/03/1984 17:15,1.103,40.10,"2b","Digital Archive","",""
13/11/1984 12:45,0.610,10.52,"2a","Digital Archive","",""
19/11/1984 02:15,0.926,27.41,"2b","Digital Archive","",""
21/11/1984 18:00,0.704,15.05,"2b","Digital Archive","",""
22/01/1985 02:45,1.006,32.83,"2b","Digital Archive","",""
29/01/1985 23:15,0.768,18.22,"2b","Digital Archive","",""
23/03/1985 22:45,0.681,13.99,"2b","Digital Archive","",""
30/03/1985 12:00,0.754,17.50,"2b","Digital Archive","",""
11/04/1985 20:30,0.929,27.61,"2b","Digital Archive","",""
19/05/1985 06:00,0.640,11.95,"2a","Digital Archive","",""
22/09/1985 16:30,0.837,21.99,"2b","Digital Archive","",""
23/11/1985 12:00,0.800,19.92,"2b","Digital Archive","",""
01/12/1985 10:00,0.680,13.95,"2b","Digital Archive","",""
08/12/1985 08:00,0.779,18.79,"2b","Digital Archive","",""
02/01/1986 22:15,0.703,15.01,"2b","Digital Archive","",""
10/01/1986 15:45,0.788,19.27,"2b","Digital Archive","",""
19/01/1986 18:00,0.861,23.39,"2b","Digital Archive","",""
30/01/1986 16:15,0.644,12.15,"2a","Digital Archive","",""
02/02/1986 22:15,0.703,15.01,"2b","Digital Archive","",""
05/03/1986 02:30,1.154,44.23,"2b","Digital Archive","",""
16/04/1986 05:15,1.427,70.03,"2b","Digital Archive","Peak examined by eye appears reasonable.",""
20/04/1986 16:45,0.796,19.70,"2b","Digital Archive","",""
07/05/1986 15:00,0.952,29.12,"2b","Digital Archive","",""
27/08/1986 02:00,1.266,54.06,"2b","Digital Archive","",""
03/09/1986 11:30,0.860,23.33,"2b","Digital Archive","",""
02/01/1987 03:15,1.080,38.31,"2b","Digital Archive","",""
22/01/1987 01:30,0.921,27.09,"2b","Digital Archive","",""
10/02/1987 09:15,0.966,30.06,"2b","Digital Archive","",""
02/03/1987 10:00,0.976,30.74,"2b","Digital Archive","",""
06/03/1987 19:45,0.675,13.73,"2b","Digital Archive","",""
28/03/1987 07:30,0.638,11.85,"2a","Digital Archive","",""
01/04/1987 22:00,0.700,14.87,"2b","Digital Archive","",""
08/04/1987 06:15,1.093,39.31,"2b","Digital Archive","",""
11/04/1987 16:15,0.944,28.59,"2b","Digital Archive","",""
19/07/1987 00:30,0.661,13.03,"2a","Digital Archive","",""
16/10/1987 18:00,0.660,12.98,"2a","Digital Archive","",""
21/10/1987 17:00,0.970,30.33,"2b","Digital Archive","",""
28/10/1987 06:00,0.730,16.30,"2b","Digital Archive","",""
24/11/1987 06:00,1.116,41.13,"2b","Digital Archive","",""
27/12/1987 21:45,0.864,23.57,"2b","Digital Archive","",""
06/01/1988 21:00,1.251,52.68,"2b","Digital Archive","",""
24/01/1988 23:00,0.685,14.18,"2b","Digital Archive","",""
29/07/1988 09:15,0.813,20.64,"2b","Digital Archive","",""
19/10/1988 17:45,0.774,18.53,"2b","Digital Archive","",""
30/11/1988 17:00,1.098,39.71,"2b","Digital Archive","",""
25/02/1989 13:30,0.926,27.41,"2b","Digital Archive","",""
08/02/1990 09:00,0.926,27.41,"2b","Digital Archive","",""
28/02/1990 02:15,0.638,11.85,"2a","Digital Archive","",""
09/12/1990 07:30,0.850,22.74,"2b","Digital Archive","Non-independent peak removed B",""
11/01/1991 00:00,0.680,13.95,"2b","Digital Archive","",""
16/02/1991 01:45,0.697,14.73,"2b","Digital Archive","",""
20/02/1991 22:00,0.856,23.09,"2b","Digital Archive","",""
28/02/1991 14:15,0.759,17.75,"2b","Digital Archive","",""
05/03/1991 07:15,0.772,18.43,"2b","Digital Archive","",""
08/03/1991 23:15,0.606,10.33,"2a","Digital Archive","",""
21/03/1991 09:30,1.039,35.22,"2b","Digital Archive","",""
23/12/1991 18:45,0.958,29.52,"2b","Digital Archive","",""
02/04/1992 00:00,1.899,129.67,"2b","Digital Archive","Peak examined by eye appears reasonable.",""
15/04/1992 03:45,1.049,35.96,"2b","Digital Archive","",""
23/11/1992 07:45,0.611,10.56,"2a","Digital Archive","",""
26/11/1992 01:15,0.606,10.33,"2a","Digital Archive","",""
02/12/1992 01:00,0.788,19.27,"2b","Digital Archive","",""
18/12/1992 23:45,0.718,15.72,"2b","Digital Archive","",""
24/01/1993 05:00,0.836,21.93,"2b","Digital Archive","",""
28/01/1993 23:15,0.643,12.10,"2a","Digital Archive","",""
10/04/1993 09:45,0.883,24.71,"2b","Digital Archive","",""
12/04/1993 22:30,0.685,14.18,"2b","Digital Archive","",""
19/04/1993 03:45,0.870,23.93,"2b","Digital Archive","",""
25/04/1993 21:00,0.699,14.82,"2b","Digital Archive","",""
14/05/1993 21:30,1.574,86.54,"2b","Digital Archive","Peak examined by eye appears reasonable.",""
15/09/1993 09:30,0.638,11.85,"2a","Digital Archive","",""
07/10/1993 21:00,0.822,21.14,"2b","Digital Archive","Non-independent peak removed",""
14/11/1993 14:30,0.846,22.51,"2b","Digital Archive","",""
28/11/1993 19:15,0.634,11.66,"2a","Digital Archive","",""
09/12/1993 03:00,0.847,22.57,"2b","Digital Archive","",""
13/12/1993 13:45,1.199,48.05,"2b","Digital Archive","",""
29/12/1993 20:30,0.672,13.59,"2b","Digital Archive","",""
06/01/1994 01:30,1.014,33.40,"2b","Digital Archive","",""
28/02/1994 05:30,1.197,47.88,"2b","Digital Archive","",""
24/04/1994 00:15,0.829,21.53,"2b","Digital Archive","",""
14/11/1994 08:45,0.651,12.51,"2a","Digital Archive","",""
19/11/1994 08:45,0.640,11.95,"2a","Digital Archive","",""
22/01/1995 06:30,0.941,28.39,"2b","Digital Archive","",""
29/01/1995 00:00,0.771,18.37,"2b","Digital Archive","",""
31/01/1995 22:15,0.708,15.24,"2b","Digital Archive","",""
11/02/1995 23:15,0.825,21.31,"2b","Digital Archive","",""
22/02/1995 21:30,1.144,43.40,"2b","Digital Archive","",""
16/11/1995 13:45,1.248,52.41,"2b","Digital Archive","",""
22/12/1995 23:00,1.123,41.69,"2b","Digital Archive","",""
13/02/1996 00:15,1.187,47.02,"2b","Digital Archive","",""
01/05/1996 16:00,0.917,26.84,"2b","Digital Archive","",""
19/12/1996 16:15,0.813,20.64,"2b","Digital Archive","",""
04/02/1997 22:15,0.660,12.98,"2a","Digital Archive","",""
21/02/1997 10:45,0.600,10.06,"2a","Digital Archive","",""
01/07/1997 13:30,1.004,32.69,"2b","Digital Archive","",""
04/07/1997 02:15,0.689,14.36,"2b","Digital Archive","",""
10/07/1997 03:00,0.661,13.03,"2a","Digital Archive","",""
30/11/1997 02:45,0.649,12.41,"2a","Digital Archive","",""
11/12/1997 19:45,0.802,20.03,"2b","Digital Archive","",""
20/12/1997 07:00,0.944,28.59,"2b","Digital Archive","",""
25/12/1997 05:15,0.598,9.97,"2a","Digital Archive","",""
31/12/1997 08:00,0.796,19.70,"2b","Digital Archive","",""
09/01/1998 06:45,0.758,17.70,"2b","Digital Archive","",""
14/01/1998 16:00,0.883,24.71,"2b","Digital Archive","",""
19/01/1998 10:30,0.736,16.60,"2b","Digital Archive","",""
22/01/1998 14:15,0.635,11.70,"2a","Digital Archive","",""
07/03/1998 14:30,0.820,21.03,"2b","Digital Archive","",""
03/04/1998 13:45,1.110,40.65,"2b","Digital Archive","",""
08/04/1998 19:30,0.921,27.09,"2b","Digital Archive","",""
17/04/1998 04:30,0.862,23.45,"2b","Digital Archive","",""
23/04/1998 08:45,0.989,31.64,"2b","Digital Archive","",""
29/05/1998 22:45,0.957,29.45,"2b","Digital Archive","",""
07/06/1998 18:45,0.712,15.43,"2b","Digital Archive","Non-independent peak removed A",""
15/06/1998 04:15,0.992,31.85,"2b","Digital Archive","",""
17/10/1998 20:30,0.676,13.77,"2b","Digital Archive","",""
25/10/1998 03:00,0.717,15.67,"2b","Digital Archive","",""
28/10/1998 10:00,0.744,16.99,"2b","Digital Archive","",""
03/11/1998 14:00,1.411,68.35,"2b","Digital Archive","",""
09/11/1998 11:00,0.689,14.36,"2b","Digital Archive","",""
05/01/1999 21:30,0.828,21.48,"2b","Digital Archive","",""
08/01/1999 15:45,0.658,12.87,"2a","Digital Archive","",""
04/03/1999 03:15,0.862,23.45,"2b","Digital Archive","",""
07/03/1999 16:00,0.870,23.93,"2b","Digital Archive","",""
18/08/1999 21:45,0.896,25.51,"2b","Digital Archive","",""
26/08/1999 04:15,0.731,16.35,"2b","Digital Archive","",""
21/09/1999 01:00,0.672,13.59,"2b","Digital Archive","",""
25/10/1999 09:45,0.739,16.75,"2b","Digital Archive","",""
03/12/1999 17:30,0.662,13.08,"2a","Digital Archive","",""
17/12/1999 08:45,0.609,10.47,"2a","Digital Archive","",""
25/12/1999 06:30,0.639,11.90,"2a","Digital Archive","",""
13/01/2000 07:00,0.644,12.15,"2a","Digital Archive","",""
13/04/2000 22:30,0.982,31.15,"2b","Digital Archive","",""
19/04/2000 09:30,0.837,21.99,"2b","Digital Archive","",""
25/04/2000 21:30,1.059,36.71,"2b","Digital Archive","Non-independent peak removed A",""
27/05/2000 14:15,0.697,14.73,"2b","Digital Archive","",""
04/06/2000 15:30,1.425,69.82,"2b","Digital Archive","Peak examined by eye appears reasonable.",""
20/09/2000 15:00,0.768,18.22,"2b","Digital Archive","",""
27/09/2000 13:45,0.904,26.01,"2b","Digital Archive","",""
12/10/2000 04:45,0.708,15.24,"2b","Digital Archive","",""
30/10/2000 18:30,0.952,29.12,"2b","Digital Archive","",""
03/11/2000 07:15,1.200,48.14,"2b","Digital Archive","",""
07/11/2000 00:30,1.985,142.64,"2b","Digital Archive","Peak examined by eye appears reasonable.",""
28/11/2000 22:00,0.975,30.67,"2b","Digital Archive","",""
08/12/2000 12:45,1.100,39.86,"2b","Digital Archive","",""
13/12/2000 06:30,0.712,15.43,"2b","Digital Archive","",""
02/01/2001 22:00,0.619,10.93,"2a","Digital Archive","",""
24/01/2001 06:45,0.684,14.13,"2b","Digital Archive","",""
07/02/2001 13:15,1.170,45.57,"2b","Digital Archive","",""
11/02/2001 03:00,0.735,16.55,"2b","Digital Archive","",""
27/02/2001 21:45,0.928,27.54,"2b","Digital Archive","",""
07/03/2001 20:00,0.907,26.20,"2b","Digital Archive","",""
28/03/2001 11:45,0.596,9.88,"2a","Digital Archive","",""
07/04/2001 16:30,1.067,37.31,"2b","Digital Archive","",""
22/10/2001 09:15,0.911,26.45,"2b","Digital Archive","Non-independent peak removed A",""
05/12/2001 22:15,1.067,37.31,"2b","Digital Archive","",""
24/12/2001 07:30,0.815,20.75,"2b","Digital Archive","",""
26/01/2002 09:45,0.573,8.90,"2a","Digital Archive","",""
11/02/2002 18:00,0.616,10.79,"2a","Digital Archive","",""
26/02/2002 18:45,1.333,60.44,"2b","Digital Archive","",""
21/03/2002 10:30,0.625,11.22,"2a","Digital Archive","",""
22/10/2002 10:30,0.940,28.32,"2b","Digital Archive","",""
27/10/2002 16:30,0.677,13.81,"2b","Digital Archive","",""
03/11/2002 09:00,0.836,21.93,"2b","Digital Archive","",""
09/11/2002 03:00,0.591,9.66,"2a","Digital Archive","",""
15/11/2002 06:00,1.042,35.44,"2b","Digital Archive","",""
22/11/2002 03:15,0.580,9.19,"2a","Digital Archive","",""
16/12/2002 19:00,0.652,12.56,"2a","Digital Archive","",""
22/12/2002 14:00,0.949,28.92,"2b","Digital Archive","",""
27/12/2002 21:45,0.976,30.74,"2b","Digital Archive","",""
30/12/2002 10:45,0.816,20.80,"2b","Digital Archive","",""
02/01/2003 20:00,0.995,32.06,"2b","Digital Archive","",""
10/01/2003 00:30,0.623,11.12,"2a","Digital Archive","",""
23/01/2003 03:15,0.615,10.75,"2a","Digital Archive","",""
11/02/2003 10:15,0.569,8.74,"2a","Digital Archive","",""
21/12/2003 08:30,0.748,17.20,"2b","Digital Archive","Series used : 022006SG,022006SG,",""
16/01/2004 19:30,0.619,10.93,"2a","Digital Archive","Series used : 022006SG,022006SG,",""
01/02/2004 03:30,1.316,58.79,"2b","Digital Archive","Series used : 022006SG,022006SG,",""
05/03/2004 02:45,0.604,10.24,"2a","Digital Archive","Series used : 022006SG,022006SG,",""
19/04/2004 13:45,0.701,14.91,"2b","Digital Archive","Series used : 022006SG,022006SG,",""
10/08/2004 22:45,0.890,25.14,"2b","Digital Archive","Series used : 022006SG,022006SG,",""
13/08/2004 11:45,1.132,42.42,"2b","Digital Archive","Series used : 022006SG,022006SG,",""
20/08/2004 01:00,0.739,16.75,"2b","Digital Archive","Series used : 022006SG,022006SG,",""
24/08/2004 23:30,0.647,12.30,"2a","Digital Archive","Series used : 022006SG,022006SG,",""
17/10/2004 15:00,0.612,10.61,"2a","Digital Archive","Series used : 022006SG,022006SG,",""
21/10/2004 10:15,0.709,15.29,"2b","Digital Archive","Series used : 022006SG,022006SG,",""
24/10/2004 15:00,0.630,11.46,"2a","Digital Archive","Series used : 022006SG,022006SG,",""
29/10/2004 21:15,0.675,13.73,"2b","Digital Archive","Series used : 022006SG,022006SG,",""
31/12/2004 09:00,0.824,21.25,"2b","Digital Archive","Series used : 022006SG,022006SG,",""
08/01/2005 15:00,0.864,23.57,"2b","Digital Archive","Series used : 022006SG,022006SG,",""
25/02/2005 23:00,0.733,16.45,"2b","Digital Archive","Series used : 022006SG,022006SG,",""
01/03/2005 22:30,0.560,8.37,"2a","Digital Archive","Series used : 022006SG,022006SG,",""
04/03/2005 12:15,0.622,11.08,"2a","Digital Archive","Series used : 022006SG,022006SG,",""
15/03/2005 14:00,0.500,6.20,"2a","Digital Archive","Series used : 022006SG,022006SG,",""
28/03/2005 15:00,0.890,25.14,"2b","Digital Archive","Series used : 022006SG,022006SG,",""
16/04/2005 09:15,1.640,94.56,"2b","Digital Archive","Series used : 022006SG,022006SG,",""
10/09/2005 01:15,0.612,10.61,"2a","Digital Archive","Series used : 022006SG,022006SG,",""
24/10/2005 22:15,1.010,33.12,"2b","Digital Archive","Series used : 022006SG,022006SG,",""
04/11/2005 18:30,0.709,15.29,"2b","Digital Archive","Series used : 022006SG,022006SG,",""
09/11/2005 02:30,0.620,10.98,"2a","Digital Archive","Series used : 022006SG,022006SG,",""
27/11/2005 16:00,1.122,41.61,"2b","Digital Archive","Series used : 022006SG,022006SG,",""
03/12/2005 18:15,0.631,11.51,"2a","Digital Archive","Series used : 022006SG,022006SG,",""
06/12/2005 22:45,0.583,9.32,"2a","Digital Archive","Series used : 022006SG,022006SG,",""
01/01/2006 00:30,0.754,17.50,"2b","Digital Archive","Series used : 022006SG,022006SG,",""
24/02/2006 02:30,0.565,8.57,"2a","Digital Archive","Series used : 022006SG,022006SG,",""
15/03/2006 02:30,0.709,15.29,"2b","Digital Archive","Series used : 022006SG,022006SG,",""
26/03/2006 09:15,0.734,16.50,"2b","Digital Archive","Series used : 022006SG,022006SG,",""
01/04/2006 12:45,0.802,20.03,"2b","Digital Archive","Series used : 022006SG,022006SG,",""
26/10/2006 10:15,0.654,12.66,"2a","022006.SG.HiUKPOT","",""
28/11/2006 23:00,0.429,4.13,"2a","022006.SG.HiUKPOT","",""
08/12/2006 04:45,0.785,19.11,"2b","022006.SG.HiUKPOT","",""
11/01/2007 18:30,0.671,13.55,"2b","022006.SG.HiUKPOT","",""
18/01/2007 20:15,0.711,15.38,"2b","022006.SG.HiUKPOT","",""
11/02/2007 15:30,0.933,27.87,"2b","022006.SG.HiUKPOT","",""
22/02/2007 19:30,0.742,16.89,"2b","022006.SG.HiUKPOT","",""
16/06/2007 09:00,0.469,5.23,"2a","022006.SG.HiUKPOT","",""
20/06/2007 20:45,0.526,7.09,"2a","022006.SG.HiUKPOT","",""
24/06/2007 00:45,0.708,15.24,"2b","022006.SG.HiUKPOT","",""
01/07/2007 13:00,0.641,12.00,"2a","022006.SG.HiUKPOT","",""
07/07/2007 07:15,0.571,8.82,"2a","022006.SG.HiUKPOT","",""
21/11/2007 13:45,0.517,6.77,"2a","022006.SG.HiUKPOT","",""
01/12/2007 17:00,0.422,3.96,"2a","022006.SG.HiUKPOT","",""
10/12/2007 10:45,0.592,9.71,"2a","022006.SG.HiUKPOT","",""
02/01/2008 06:30,0.893,25.33,"2b","022006.SG.HiUKPOT","",""
05/01/2008 07:00,0.849,22.68,"2b","022006.SG.HiUKPOT","",""
22/01/2008 01:00,0.980,31.01,"2b","022006.SG.HiUKPOT","",""
12/04/2008 02:15,0.690,14.40,"2b","022006.SG.HiUKPOT","",""
18/04/2008 12:30,0.619,10.93,"2a","022006.SG.HiUKPOT","",""
28/04/2008 01:15,0.940,28.32,"2b","022006.SG.HiUKPOT","",""
30/04/2008 15:15,1.009,33.04,"2b","022006.SG.HiUKPOT","",""
10/07/2008 15:15,0.559,8.33,"2a","022006.SG.HiUKPOT","",""
01/08/2008 18:45,0.443,4.50,"2a","022006.SG.HiUKPOT","",""
14/08/2008 05:15,0.875,24.23,"2b","022006.SG.HiUKPOT","",""
20/08/2008 02:00,0.837,21.99,"2b","022006.SG.HiUKPOT","",""
06/09/2008 22:45,2.460,226.16,"2b","022006.SG.HiUKPOT","",""
13/09/2008 11:15,0.777,18.69,"2b","022006.SG.HiUKPOT","",""
15/10/2008 11:45,0.429,4.13,"2a","022006.SG.HiUKPOT","",""
01/11/2008 06:00,0.434,4.26,"2a","022006.SG.HiUKPOT","",""
10/11/2008 09:30,0.871,23.99,"2b","022006.SG.HiUKPOT","",""
25/11/2008 11:30,0.415,3.79,"2a","022006.SG.HiUKPOT","",""
06/12/2008 09:15,0.587,9.49,"2a","022006.SG.HiUKPOT","",""
14/12/2008 02:15,0.894,25.39,"2b","022006.SG.HiUKPOT","",""
25/01/2009 20:00,0.488,5.81,"2a","022006.SG.HiUKPOT","",""
03/02/2009 09:15,1.022,33.98,"2b","022006.SG.HiUKPOT","",""
15/02/2009 18:30,0.682,14.04,"2b","022006.SG.HiUKPOT","",""
02/07/2009 09:30,0.410,3.67,"2a","022006.SG.HiUKPOT","",""
07/07/2009 17:00,0.465,5.11,"2a","022006.SG.HiUKPOT","",""
18/07/2009 03:00,1.089,39.00,"2b","022006.SG.HiUKPOT","",""
02/11/2009 00:00,0.831,21.65,"2b","022006.SG.HiUKPOT","",""
08/11/2009 16:15,0.812,20.58,"2b","022006.SG.HiUKPOT","",""
14/11/2009 09:45,0.812,20.58,"2b","022006.SG.HiUKPOT","",""
18/11/2009 15:30,0.976,30.74,"2b","022006.SG.HiUKPOT","",""
30/11/2009 05:00,0.829,21.53,"2b","022006.SG.HiUKPOT","",""
06/12/2009 17:45,0.612,10.61,"2a","022006.SG.HiUKPOT","",""
17/12/2009 15:45,0.772,18.43,"2b","022006.SG.HiUKPOT","",""
30/12/2009 20:15,0.831,21.65,"2b","022006.SG.HiUKPOT","",""
13/01/2010 04:15,0.797,19.76,"2b","022006.SG.HiUKPOT","",""
16/01/2010 20:30,1.121,41.53,"2b","022006.SG.HiUKPOT","",""
22/01/2010 15:00,0.825,21.31,"2b","022006.SG.HiUKPOT","",""
10/02/2010 08:15,0.645,12.20,"2a","022006.SG.HiUKPOT","",""
27/02/2010 00:30,1.049,35.96,"2b","022006.SG.HiUKPOT","",""
03/03/2010 05:15,0.446,4.58,"2a","022006.SG.HiUKPOT","",""
26/03/2010 09:30,0.709,15.29,"2b","022006.SG.HiUKPOT","",""
31/03/2010 09:30,1.660,97.06,"2b","022006.SG.HiUKPOT","",""
03/04/2010 23:45,0.559,8.33,"2a","022006.SG.HiUKPOT","",""
04/10/2010 01:45,0.544,7.75,"2a","022006.SG.HiUKPOT","",""
04/11/2010 20:15,0.917,26.84,"2b","022006.SG.HiUKPOT","",""
09/11/2010 21:30,0.632,11.56,"2a","022006.SG.HiUKPOT","",""
23/11/2010 00:15,0.705,15.10,"2b","022006.SG.HiUKPOT","",""
11/12/2010 05:15,1.540,82.56,"2b","022006.SG.HiUKPOT","",""
31/12/2010 03:15,0.692,14.50,"2b","022006.SG.HiUKPOT","",""
05/01/2011 15:30,0.543,7.71,"2a","022006.SG.HiUKPOT","",""
11/01/2011 12:00,0.708,15.24,"2b","022006.SG.HiUKPOT","",""
15/01/2011 23:30,0.537,7.49,"2a","022006.SG.HiUKPOT","",""
07/02/2011 00:30,0.899,25.70,"2b","022006.SG.HiUKPOT","",""
12/02/2011 15:30,0.646,12.25,"2a","022006.SG.HiUKPOT","",""
17/02/2011 16:45,0.430,4.16,"2a","022006.SG.HiUKPOT","",""
12/03/2011 15:00,0.613,10.65,"2a","022006.SG.HiUKPOT","",""
18/07/2011 01:00,0.437,4.34,"2a","022006.SG.HiUKPOT","",""
20/07/2011 22:45,0.612,10.61,"2a","022006.SG.HiUKPOT","",""
07/08/2011 03:15,0.796,19.70,"2b","022006.SG.HiUKPOT","",""
12/08/2011 04:00,0.704,15.05,"2b","022006.SG.HiUKPOT","",""
13/10/2011 02:00,0.406,3.58,"2a","022006.SG.HiUKPOT","",""
27/11/2011 18:45,0.473,5.35,"2a","022006.SG.HiUKPOT","",""
09/12/2011 00:30,0.476,5.44,"2a","022006.SG.HiUKPOT","",""
13/12/2011 15:00,0.471,5.29,"2a","022006.SG.HiUKPOT","",""
21/12/2011 22:45,0.507,6.43,"2a","022006.SG.HiUKPOT","",""
05/01/2012 11:00,0.632,11.56,"2a","022006.SG.HiUKPOT","",""
22/04/2012 21:15,0.686,14.22,"2b","022006.SG.HiUKPOT","",""
26/04/2012 17:30,1.223,50.16,"2b","022006.SG.HiUKPOT","",""
30/04/2012 06:45,0.562,8.45,"2a","022006.SG.HiUKPOT","",""
11/05/2012 01:45,0.852,22.86,"2b","022006.SG.HiUKPOT","",""
10/06/2012 10:30,0.676,13.77,"2b","022006.SG.HiUKPOT","",""
17/06/2012 03:00,0.618,10.89,"2a","022006.SG.HiUKPOT","",""
24/06/2012 20:00,0.628,11.36,"2a","022006.SG.HiUKPOT","",""
29/06/2012 04:45,1.166,45.23,"2b","022006.SG.HiUKPOT","",""
07/07/2012 09:30,1.106,40.34,"2b","022006.SG.HiUKPOT","",""
12/07/2012 04:15,1.179,46.33,"2b","022006.SG.HiUKPOT","",""
19/07/2012 06:30,0.497,6.10,"2a","022006.SG.HiUKPOT","",""
07/08/2012 02:45,0.466,5.14,"2a","022006.SG.HiUKPOT","",""
16/08/2012 06:15,0.480,5.56,"2a","022006.SG.HiUKPOT","",""
20/08/2012 05:45,0.549,7.94,"2a","022006.SG.HiUKPOT","",""
26/08/2012 03:30,0.562,8.45,"2a","022006.SG.HiUKPOT","",""
28/08/2012 09:00,0.434,4.26,"2a","022006.SG.HiUKPOT","",""
21/09/2012 13:15,0.426,4.06,"2a","022006.SG.HiUKPOT","",""
25/09/2012 12:45,1.938,135.47,"2b","022006.SG.HiUKPOT","",""
27/09/2012 20:45,0.592,9.71,"2a","022006.SG.HiUKPOT","",""
12/10/2012 14:15,0.982,31.15,"2b","Digital Archive","",""
27/11/2012 07:45,1.217,49.63,"2b","Digital Archive","",""
15/12/2012 01:15,0.978,30.88,"2b","Digital Archive","",""
21/12/2012 04:00,1.100,39.86,"2b","Digital Archive","",""
27/12/2012 13:45,0.991,31.78,"2b","Digital Archive","",""
27/01/2013 23:30,1.299,57.15,"2b","Digital Archive","",""
18/03/2013 10:45,0.896,25.51,"2b","Digital Archive","",""
18/05/2013 15:45,0.837,21.99,"2b","Digital Archive","",""
21/05/2013 08:15,0.831,21.65,"2b","Digital Archive","",""
21/11/2013 23:30,0.859,23.27,"2b","Digital Archive","",""
24/12/2013 00:15,0.794,19.60,"2b","Digital Archive","",""
19/01/2014 20:45,0.824,21.25,"2b","Digital Archive","",""
29/01/2014 16:45,0.822,21.14,"2b","Digital Archive","",""
13/02/2014 09:45,1.064,37.08,"2b","Digital Archive","",""
15/02/2014 19:00,1.060,36.78,"2b","Digital Archive","",""
22/11/2014 17:30,0.655,12.72,"2a","Digital Archive","","AMAX ONLY"
15/11/2015 15:15,0.993,31.92,"2b","Digital Archive","",""
04/12/2015 08:00,0.953,29.18,"2b","Digital Archive","",""
12/12/2015 23:00,0.801,19.98,"2b","Digital Archive","",""
20/12/2015 12:45,0.837,21.99,"2b","Digital Archive","",""
27/12/2015 00:30,1.312,58.40,"2b","Digital Archive","",""
06/01/2016 02:15,1.902,130.11,"2b","Digital Archive","",""
10/01/2016 06:45,0.949,28.92,"2b","Digital Archive","",""
