"NAME:","South Tyne at Haydon Bridge"
"NUMBER:","23004"
"DATE","STAGE (m)","FLOW (m^3/s)","RATING","SOURCE","COMMENT","AMAX ONLY"
27/10/1959 00:00,2.768,369.61,"2c","mfiche","Taken from northumbria high flows study",""
25/08/1960 00:00,1.798,173.89,"2c","mfiche","Taken from northumbria high flows study",""
02/11/1960 00:00,2.408,289.74,"2c","mfiche","Taken from northumbria high flows study",""
25/12/1960 00:00,3.018,429.95,"2c","mfiche","Taken from northumbria high flows study",""
30/03/1961 00:00,2.743,363.93,"2c","mfiche","Taken from northumbria high flows study",""
17/10/1961 00:00,2.557,321.89,"2c","mfiche","Taken from northumbria high flows study",""
11/12/1961 00:00,2.591,329.31,"2c","mfiche","Taken from northumbria high flows study",""
05/01/1962 00:00,2.313,270.14,"2c","mfiche","Taken from northumbria high flows study xxx",""
11/01/1962 00:00,2.493,307.93,"2c","mfiche","Taken from northumbria high flows study",""
15/01/1962 00:00,2.987,422.38,"2c","mfiche","Taken from northumbria high flows study",""
12/02/1962 00:00,2.835,385.41,"2c","mfiche","Taken from northumbria high flows study",""
02/04/1962 00:00,2.923,406.68,"2c","mfiche","Taken from northumbria high flows study",""
26/08/1962 00:00,2.691,352.00,"2c","mfiche","Taken from northumbria high flows study",""
11/09/1962 00:00,3.322,508.76,"2c","mfiche","Taken from northumbria high flows study",""
29/09/1962 00:00,2.347,277.03,"2c","mfiche","Taken from northumbria high flows study",""
06/03/1963 00:00,2.798,376.76,"2c","mfiche","Taken from northumbria high flows study xxx",""
26/09/1963 00:00,2.652,342.98,"2c","mfiche","Taken from northumbria high flows study",""
03/10/1963 00:00,2.377,283.35,"2c","mfiche","Taken from northumbria high flows study",""
12/11/1963 00:00,3.225,482.92,"2c","mfiche","Taken from northumbria high flows study",""
18/11/1963 00:00,2.929,408.16,"2c","mfiche","Taken from northumbria high flows study",""
21/11/1963 00:00,3.600,585.35,"2c","mfiche","Taken from northumbria high flows study",""
21/11/1963 17:00,3.599,585.16,"2c","Digital Archive","Taken from northumbria high flows study",""
23/11/1963 00:00,2.408,289.74,"2c","mfiche","Taken from northumbria high flows study",""
30/12/1963 00:00,2.850,389.05,"2c","mfiche","Taken from northumbria high flows study",""
07/10/1964 00:00,2.469,302.69,"2c","mfiche","Taken from northumbria high flows study",""
08/12/1964 00:00,3.231,484.52,"2c","mfiche","Taken from northumbria high flows study",""
12/12/1964 00:00,3.109,452.99,"2c","mfiche","Taken from northumbria high flows study",""
26/03/1965 00:00,2.957,414.87,"2c","mfiche","Taken from northumbria high flows study",""
25/09/1965 00:00,3.261,492.54,"2c","mfiche","Taken from northumbria high flows study",""
06/12/1965 10:30,1.074,70.59,"2c","Digital Archive","","AMAX ONLY"
09/12/1965 00:00,3.328,510.39,"2c","mfiche","Taken from northumbria high flows study",""
17/12/1965 00:00,2.749,365.35,"2c","mfiche","Taken from northumbria high flows study",""
13/08/1966 00:00,3.468,548.49,"2c","mfiche","Taken from northumbria high flows study",""
14/08/1966 04:45,1.123,76.32,"2c","Digital Archive","Taken from northumbria high flows study","AMAX ONLY"
04/09/1966 00:00,2.886,397.82,"2c","mfiche","Taken from northumbria high flows study",""
12/09/1966 00:00,2.591,329.31,"2c","mfiche","Taken from northumbria high flows study",""
03/10/1966 00:00,2.652,342.98,"2c","mfiche","Taken from northumbria high flows study",""
15/11/1966 00:00,2.557,321.89,"2c","mfiche","Taken from northumbria high flows study",""
17/12/1966 00:00,2.865,392.69,"2c","mfiche","Taken from northumbria high flows study",""
19/12/1966 00:00,2.957,414.87,"2c","mfiche","Taken from northumbria high flows study",""
27/02/1967 00:00,2.743,363.93,"2c","mfiche","Taken from northumbria high flows study",""
18/08/1967 00:00,2.926,407.42,"2c","mfiche","Taken from northumbria high flows study",""
18/08/1967 19:00,0.958,57.82,"2b","Digital Archive","Taken from northumbria high flows study","AMAX ONLY"
01/10/1967 00:00,2.728,360.40,"2c","mfiche","Taken from northumbria high flows study",""
03/10/1967 00:00,3.350,516.13,"2c","mfiche","Taken from northumbria high flows study",""
06/10/1967 00:00,2.923,406.68,"2c","mfiche","Taken from northumbria high flows study",""
09/10/1967 00:00,2.652,342.98,"2c","mfiche","Taken from northumbria high flows study",""
14/10/1967 00:00,2.743,363.93,"2c","mfiche","Taken from northumbria high flows study",""
16/10/1967 00:00,3.658,601.92,"2c","mfiche","Taken from northumbria high flows study",""
17/10/1967 06:30,1.197,85.33,"2c","Digital Archive","Taken from northumbria high flows study","AMAX ONLY"
05/11/1967 00:00,2.749,365.35,"2c","mfiche","Taken from northumbria high flows study",""
22/12/1967 00:00,2.713,356.89,"2c","mfiche","Taken from northumbria high flows study",""
19/03/1968 00:00,3.140,460.93,"2c","mfiche","Taken from northumbria high flows study",""
23/03/1968 22:30,3.330,510.82,"2c","mfiche","Taken from northumbria high flows study",""
01/04/1968 15:30,3.160,466.08,"2c","mfiche","Taken from northumbria high flows study",""
03/07/1968 13:30,2.153,238.23,"2c","Digital Archive","",""
16/07/1968 07:45,1.972,204.32,"2c","Digital Archive","",""
12/09/1968 16:45,2.924,406.92,"2c","Digital Archive","",""
21/09/1968 00:00,2.549,320.07,"2c","Digital Archive","",""
23/09/1968 04:30,2.888,398.19,"2c","Digital Archive","",""
28/09/1968 12:00,2.520,313.73,"2c","Digital Archive","",""
02/10/1968 08:30,2.079,224.10,"2c","Digital Archive","",""
31/10/1968 22:30,2.571,324.92,"2c","Digital Archive","",""
16/12/1968 22:30,2.571,324.92,"2c","Digital Archive","Taken from northumbria high flows study",""
21/01/1969 04:00,2.163,240.17,"2c","Digital Archive","",""
25/04/1969 12:00,2.009,211.07,"2c","Digital Archive","",""
03/06/1969 06:30,2.098,227.69,"2c","Digital Archive","",""
03/11/1969 06:00,1.975,204.86,"2c","Digital Archive","",""
18/11/1969 21:15,2.766,369.24,"2c","Digital Archive","",""
14/12/1969 13:45,1.934,197.48,"2c","Digital Archive","",""
22/01/1970 03:30,1.944,199.27,"2c","Digital Archive","",""
02/02/1970 06:15,2.140,235.72,"2c","Digital Archive","",""
20/02/1970 02:00,2.355,278.69,"2c","Digital Archive","",""
22/02/1970 01:30,3.151,463.76,"2c","Digital Archive","",""
23/04/1970 00:30,2.286,264.57,"2c","Digital Archive","",""
20/08/1970 20:15,2.529,315.69,"2c","Digital Archive","Non-independent peak removed A",""
25/10/1970 15:15,2.721,358.80,"2c","Digital Archive","",""
30/10/1970 15:15,3.076,444.63,"2c","Digital Archive","Non-independent peak removed A",""
03/11/1970 16:45,2.125,232.84,"2c","Digital Archive","",""
03/12/1970 03:45,1.976,205.04,"2c","Digital Archive","",""
07/01/1971 11:00,2.526,315.04,"2c","Digital Archive","",""
13/02/1971 01:30,2.888,398.19,"2c","Digital Archive","",""
19/03/1971 09:30,2.168,241.14,"2c","Digital Archive","",""
14/08/1971 09:30,2.710,356.26,"2c","Digital Archive","",""
29/08/1971 17:00,2.328,273.13,"2c","Digital Archive","",""
19/10/1971 15:00,2.398,287.65,"2c","Digital Archive","",""
05/11/1971 12:15,2.407,289.54,"2c","Digital Archive","",""
07/11/1971 19:30,2.357,279.10,"2c","Digital Archive","",""
18/11/1971 03:30,2.443,297.16,"2c","Digital Archive","",""
12/01/1972 23:15,2.167,240.95,"2c","Digital Archive","",""
19/01/1972 07:15,2.421,292.49,"2c","Digital Archive","",""
17/03/1972 02:15,2.368,281.39,"2c","Digital Archive","",""
30/03/1972 21:00,1.925,195.88,"2c","Digital Archive","",""
02/04/1972 17:45,2.058,220.15,"2c","Digital Archive","Non-independent peak removed B",""
09/11/1972 22:45,2.266,260.53,"2c","Digital Archive","",""
21/11/1972 11:45,2.539,317.88,"2c","Digital Archive","",""
01/12/1972 13:15,2.184,244.27,"2c","Digital Archive","",""
12/12/1972 05:00,2.664,345.76,"2c","Digital Archive","",""
03/04/1973 21:45,1.914,193.92,"2c","Digital Archive","",""
06/08/1973 06:00,1.947,199.81,"2c","Digital Archive","",""
11/12/1973 00:30,2.361,279.93,"2c","Digital Archive","",""
16/12/1973 02:30,2.203,247.99,"2c","Digital Archive","",""
17/01/1974 19:15,1.996,208.68,"2c","Digital Archive","",""
03/02/1974 01:45,2.631,338.30,"2c","Digital Archive","",""
11/11/1974 04:00,3.088,447.67,"2c","Digital Archive","",""
13/11/1974 22:15,2.032,215.31,"2c","Digital Archive","",""
25/11/1974 05:45,2.186,244.66,"2c","Digital Archive","",""
14/12/1974 07:30,2.000,209.42,"2c","Digital Archive","",""
22/12/1974 08:45,2.576,326.03,"2c","Digital Archive","",""
25/12/1974 19:45,1.983,206.31,"2c","Digital Archive","",""
29/12/1974 06:00,2.612,334.04,"2c","Digital Archive","",""
22/01/1975 15:00,3.121,456.07,"2c","Digital Archive","",""
25/01/1975 14:45,2.270,261.34,"2c","Digital Archive","",""
30/08/1975 10:30,2.493,307.88,"2c","Digital Archive","",""
25/09/1975 04:45,2.012,211.62,"2c","Digital Archive","",""
27/09/1975 21:30,3.174,469.70,"2c","Digital Archive","",""
02/01/1976 22:30,2.799,376.98,"2c","Digital Archive","",""
24/02/1976 03:15,2.019,212.91,"2c","Digital Archive","",""
12/09/1976 02:00,2.313,270.06,"2c","Digital Archive","",""
15/10/1976 17:45,2.641,340.55,"2c","Digital Archive","",""
25/01/1977 22:00,2.911,403.76,"2c","Digital Archive","",""
13/06/1977 11:00,2.348,277.24,"2c","Digital Archive","",""
23/11/1977 19:00,1.976,205.04,"2c","Digital Archive","",""
15/03/1978 08:45,2.161,239.78,"2c","Digital Archive","",""
19/03/1978 20:30,2.038,216.43,"2c","Digital Archive","",""
11/09/1978 07:00,1.932,197.12,"2c","Digital Archive","",""
14/09/1978 00:15,2.811,379.81,"2c","Digital Archive","",""
29/09/1978 03:00,2.032,215.31,"2c","Digital Archive","",""
15/11/1978 19:15,2.711,356.49,"2c","Digital Archive","Non-independent peak removed B",""
07/01/1979 15:00,2.632,338.52,"2c","Digital Archive","",""
27/02/1979 22:30,1.939,198.37,"2c","Digital Archive","",""
03/03/1979 11:30,2.414,291.02,"2c","Digital Archive","",""
09/03/1979 02:15,3.065,441.85,"2c","Digital Archive","",""
25/03/1979 19:45,2.391,286.18,"2c","Digital Archive","",""
11/11/1979 20:15,2.196,246.62,"2c","Digital Archive","",""
26/11/1979 09:15,3.454,544.55,"2c","Digital Archive","Peak examined by eye and appears reasonable.",""
05/12/1979 00:45,2.063,221.09,"2c","Digital Archive","",""
26/12/1979 20:00,2.926,407.40,"2c","Digital Archive","Non-independent peak removed A",""
09/02/1980 21:30,2.148,237.27,"2c","Digital Archive","",""
14/09/1980 02:15,2.318,271.08,"2c","Digital Archive","",""
06/10/1980 19:30,2.061,220.72,"2c","Digital Archive","",""
23/10/1980 22:00,2.233,253.93,"2c","Digital Archive","",""
27/10/1980 13:15,1.958,201.79,"2c","Digital Archive","",""
14/11/1980 17:00,2.823,382.65,"2c","Digital Archive","",""
17/11/1980 08:00,1.955,201.25,"2c","Digital Archive","",""
20/11/1980 23:30,2.039,216.61,"2c","Digital Archive","",""
25/11/1980 16:30,1.980,205.77,"2c","Digital Archive","",""
11/12/1980 06:00,3.117,455.05,"2c","Digital Archive","",""
13/12/1980 15:15,2.009,211.07,"2c","Digital Archive","",""
02/01/1981 00:00,1.840,181.00,"2c","mfiche","Taken from northumbria high flows study",""
02/01/1981 14:30,1.833,179.80,"2c","Digital Archive","Taken from northumbria high flows study","AMAX ONLY"
11/01/1981 00:00,1.830,179.28,"2c","mfiche","Taken from northumbria high flows study",""
03/02/1981 00:00,3.170,468.66,"2c","mfiche","Taken from northumbria high flows study",""
07/03/1981 00:00,2.150,237.65,"2c","mfiche","Taken from northumbria high flows study",""
11/03/1981 00:00,1.960,202.15,"2c","mfiche","Taken from northumbria high flows study",""
23/03/1981 00:00,2.610,333.59,"2c","mfiche","Taken from northumbria high flows study",""
25/03/1981 00:00,1.760,167.46,"2c","mfiche","Taken from northumbria high flows study",""
28/04/1981 00:00,1.520,129.59,"2c","mfiche","Taken from northumbria high flows study",""
11/06/1981 00:00,1.810,175.87,"2c","mfiche","Taken from northumbria high flows study",""
06/09/1981 00:00,1.830,179.28,"2c","mfiche","Taken from northumbria high flows study",""
24/09/1981 00:00,1.800,174.17,"2c","mfiche","Taken from northumbria high flows study",""
26/09/1981 00:00,2.320,271.49,"2c","mfiche","Taken from northumbria high flows study",""
09/10/1981 00:00,2.350,277.66,"2c","mfiche","Taken from northumbria high flows study",""
20/10/1981 00:00,2.100,228.07,"2c","mfiche","Taken from northumbria high flows study",""
23/11/1981 00:00,2.940,410.82,"2c","mfiche","Taken from northumbria high flows study",""
27/11/1981 00:00,3.180,471.25,"2c","mfiche","Taken from northumbria high flows study",""
30/11/1981 00:00,1.960,202.15,"2c","mfiche","Taken from northumbria high flows study",""
03/01/1982 08:45,3.359,518.62,"2c","Digital Archive","Non-independent peak removed A",""
26/01/1982 04:15,2.006,210.52,"2c","Digital Archive","",""
12/03/1982 10:30,2.392,286.39,"2c","Digital Archive","",""
15/03/1982 07:30,2.135,234.76,"2c","Digital Archive","",""
06/10/1982 11:00,2.759,367.61,"2c","Digital Archive","",""
20/10/1982 14:30,2.053,219.22,"2c","Digital Archive","",""
21/11/1982 16:30,2.141,235.92,"2c","Digital Archive","",""
23/11/1982 09:45,2.198,247.01,"2c","Digital Archive","",""
08/12/1982 14:30,2.706,355.35,"2c","Digital Archive","",""
15/12/1982 19:30,2.444,297.37,"2c","Digital Archive","",""
19/12/1982 15:15,3.049,437.83,"2c","Digital Archive","",""
06/01/1983 06:45,2.716,357.65,"2c","Digital Archive","",""
28/04/1983 18:45,1.980,205.77,"2c","Digital Archive","",""
28/05/1983 06:30,1.896,190.74,"2c","Digital Archive","",""
08/10/1983 19:45,2.135,234.76,"2c","Digital Archive","",""
16/10/1983 07:15,1.978,205.40,"2c","Digital Archive","",""
09/12/1983 12:45,2.404,288.91,"2c","Digital Archive","",""
24/12/1983 16:30,1.932,197.12,"2c","Digital Archive","",""
11/01/1984 10:30,1.930,196.77,"2c","Digital Archive","",""
13/01/1984 08:45,2.799,376.98,"2c","Digital Archive","",""
04/02/1984 22:15,2.224,252.14,"2c","Digital Archive","Non-independent peak removed B",""
13/06/1984 21:00,1.940,198.55,"2c","Digital Archive","",""
03/11/1984 15:30,3.595,584.02,"2c","Digital Archive","Peak examined by eye and appears reasonable.",""
28/11/1984 01:45,2.334,274.36,"2c","Digital Archive","",""
30/03/1985 10:15,2.023,213.65,"2c","Digital Archive","",""
26/07/1985 21:15,2.413,290.81,"2c","Digital Archive","",""
05/08/1985 05:00,2.105,229.02,"2c","Digital Archive","",""
16/08/1985 01:00,1.957,201.61,"2c","Digital Archive","",""
22/09/1985 03:00,3.397,528.93,"2c","Digital Archive","",""
09/11/1985 06:45,2.239,255.13,"2c","Digital Archive","",""
13/12/1985 05:00,2.358,279.31,"2c","Digital Archive","",""
21/12/1985 06:00,2.937,410.08,"2c","Digital Archive","",""
10/01/1986 12:15,2.311,269.65,"2c","Digital Archive","",""
13/01/1986 07:45,1.929,196.59,"2c","Digital Archive","",""
20/01/1986 21:30,2.507,310.91,"2c","Digital Archive","",""
22/01/1986 16:15,2.026,214.20,"2c","Digital Archive","",""
05/03/1986 02:15,2.651,342.81,"2c","Digital Archive","",""
23/03/1986 02:30,2.732,361.34,"2c","Digital Archive","",""
15/04/1986 21:15,2.391,286.18,"2c","Digital Archive","",""
07/05/1986 10:30,1.916,194.28,"2c","Digital Archive","",""
26/08/1986 12:30,3.989,700.52,"2c","Digital Archive","Peak examined by eye and appears reasonable.",""
03/09/1986 06:30,2.073,222.97,"2c","Digital Archive","",""
25/10/1986 08:30,2.128,233.42,"2c","Digital Archive","",""
30/10/1986 11:15,1.942,198.91,"2c","Digital Archive","",""
25/11/1986 18:15,2.467,302.28,"2c","Digital Archive","Non-independent peak removed B",""
03/12/1986 21:15,2.552,320.73,"2c","Digital Archive","",""
08/12/1986 15:30,1.937,198.02,"2c","Digital Archive","",""
25/12/1986 06:30,2.082,224.66,"2c","Digital Archive","",""
30/12/1986 00:00,2.436,295.67,"2c","Digital Archive","Non-independent peak removed A",""
04/01/1987 14:00,2.688,351.22,"2c","Digital Archive","",""
10/02/1987 06:45,2.312,269.85,"2c","Digital Archive","",""
02/03/1987 07:45,1.932,197.12,"2c","Digital Archive","",""
27/03/1987 22:15,2.477,304.43,"2c","Digital Archive","",""
11/07/1987 07:15,2.413,290.81,"2c","Digital Archive","",""
18/07/1987 13:15,2.395,287.02,"2c","Digital Archive","",""
08/10/1987 16:15,1.922,195.34,"2c","Digital Archive","",""
16/10/1987 12:00,2.309,269.24,"2c","Digital Archive","Non-independent peak removed A",""
18/10/1987 22:15,2.920,405.94,"2c","Digital Archive","",""
14/11/1987 00:45,1.904,192.15,"2c","Digital Archive","",""
27/12/1987 17:45,2.404,288.91,"2c","Digital Archive","",""
02/01/1988 14:15,2.174,242.31,"2c","Digital Archive","",""
06/01/1988 11:30,3.188,473.33,"2c","Digital Archive","",""
02/02/1988 17:30,2.641,340.55,"2c","Digital Archive","Non-independent peak removed B",""
12/03/1988 06:30,2.082,224.66,"2c","Digital Archive","",""
22/07/1988 23:30,2.407,289.54,"2c","Digital Archive","",""
29/07/1988 00:15,3.470,548.97,"2c","Digital Archive","Peak examined by eye and appears reasonable.",""
04/12/1988 04:00,2.267,260.73,"2c","Digital Archive","",""
23/12/1988 07:30,3.088,447.67,"2c","Digital Archive","",""
27/12/1988 00:30,2.012,211.62,"2c","Digital Archive","",""
14/01/1989 04:00,2.299,267.20,"2c","Digital Archive","",""
04/02/1989 19:45,2.822,382.41,"2c","Digital Archive","",""
24/03/1989 04:00,2.384,284.72,"2c","Digital Archive","",""
30/10/1989 07:15,1.909,193.04,"2c","Digital Archive","",""
11/11/1989 02:45,1.998,209.05,"2c","Digital Archive","",""
17/12/1989 04:45,1.970,203.95,"2c","Digital Archive","",""
25/12/1989 08:30,1.955,201.25,"2c","Digital Archive","",""
16/01/1990 22:45,2.109,229.78,"2c","Digital Archive","",""
19/01/1990 12:15,2.158,239.20,"2c","Digital Archive","",""
23/01/1990 08:45,2.325,272.51,"2c","Digital Archive","",""
25/01/1990 17:00,2.687,350.99,"2c","Digital Archive","",""
29/01/1990 21:45,1.894,190.39,"2c","Digital Archive","",""
04/02/1990 19:15,2.960,415.72,"2c","Digital Archive","",""
08/02/1990 02:15,2.713,356.95,"2c","Digital Archive","Non-independent peak removed B",""
17/02/1990 17:30,2.201,247.60,"2c","Digital Archive","",""
19/02/1990 18:45,2.937,410.08,"2c","Digital Archive","",""
26/02/1990 07:00,1.991,207.77,"2c","Digital Archive","",""
04/03/1990 07:30,1.991,207.77,"2c","Digital Archive","",""
10/03/1990 07:00,2.188,245.05,"2c","Digital Archive","",""
06/10/1990 20:30,2.236,254.53,"2c","Digital Archive","",""
28/10/1990 22:15,2.480,305.07,"2c","Digital Archive","",""
16/11/1990 18:15,2.170,241.53,"2c","Digital Archive","",""
11/12/1990 23:00,2.299,267.20,"2c","Digital Archive","",""
20/12/1990 14:45,2.331,273.74,"2c","Digital Archive","",""
26/12/1990 17:15,1.937,198.02,"2c","Digital Archive","",""
28/12/1990 18:15,2.986,422.13,"2c","Digital Archive","",""
01/01/1991 21:45,2.986,422.13,"2c","Digital Archive","",""
06/01/1991 08:30,1.944,199.27,"2c","Digital Archive","",""
23/02/1991 23:30,3.259,491.92,"2c","Digital Archive","",""
05/03/1991 01:15,2.421,292.49,"2c","Digital Archive","",""
21/03/1991 04:00,2.801,377.45,"2c","Digital Archive","",""
02/11/1991 03:15,2.477,304.43,"2c","Digital Archive","Non-independent peak removed",""
11/11/1991 00:15,3.066,442.10,"2c","Digital Archive","",""
19/11/1991 04:15,1.924,195.70,"2c","Digital Archive","",""
19/12/1991 06:30,2.450,298.65,"2c","Digital Archive","",""
21/12/1991 18:00,3.819,649.14,"2c","Digital Archive","Peak examined by eye and appears reasonable.",""
23/12/1991 12:30,3.193,474.63,"2c","Digital Archive","Non-independent peak removed BNon-independent peak removed A",""
04/02/1992 07:45,2.177,242.90,"2c","Digital Archive","",""
01/04/1992 11:45,2.447,298.01,"2c","Digital Archive","Non-independent peak removed B",""
27/11/1992 23:30,2.236,254.53,"2c","Digital Archive","",""
02/12/1992 05:30,2.698,353.51,"2c","Digital Archive","",""
18/12/1992 14:30,2.394,286.81,"2c","Digital Archive","",""
13/01/1993 14:30,2.907,402.79,"2c","Digital Archive","",""
15/01/1993 11:30,2.825,383.13,"2c","Digital Archive","",""
19/01/1993 02:30,2.022,213.46,"2c","Digital Archive","",""
23/01/1993 22:15,2.401,288.28,"2c","Digital Archive","",""
06/04/1993 10:15,2.217,250.76,"2c","Digital Archive","",""
18/04/1993 22:45,2.424,293.13,"2c","Digital Archive","",""
14/05/1993 19:45,2.242,255.72,"2c","Digital Archive","",""
14/09/1993 06:00,1.921,195.16,"2c","Digital Archive","",""
07/12/1993 02:15,2.591,329.35,"2c","Digital Archive","",""
08/12/1993 21:00,2.382,284.30,"2c","Digital Archive","",""
19/12/1993 05:30,2.726,359.95,"2c","Digital Archive","",""
29/12/1993 13:30,1.983,206.31,"2c","Digital Archive","",""
25/01/1994 09:00,2.230,253.33,"2c","Digital Archive","",""
27/01/1994 03:00,2.546,319.42,"2c","Digital Archive","",""
03/03/1994 10:30,2.016,212.36,"2c","Digital Archive","",""
08/03/1994 16:45,2.180,243.48,"2c","Digital Archive","",""
23/03/1994 18:00,3.101,450.97,"2c","Digital Archive","",""
13/11/1994 23:00,2.698,353.51,"2c","Digital Archive","",""
18/11/1994 05:45,1.919,194.81,"2c","Digital Archive","",""
08/12/1994 10:00,2.233,253.93,"2c","Digital Archive","",""
12/12/1994 02:00,2.931,408.62,"2c","Digital Archive","",""
29/12/1994 00:15,1.975,204.86,"2c","Digital Archive","",""
31/12/1994 06:15,2.289,265.17,"2c","Digital Archive","",""
10/01/1995 20:45,1.901,191.62,"2c","Digital Archive","",""
21/01/1995 23:15,1.996,208.68,"2c","Digital Archive","",""
31/01/1995 14:45,4.182,760.87,"2c","Digital Archive","Peak examined by eye and appears reasonable.",""
12/02/1995 21:00,2.302,267.81,"2c","Digital Archive","",""
19/02/1995 03:15,2.119,231.69,"2c","Digital Archive","",""
22/02/1995 13:45,3.884,668.59,"2c","Digital Archive","Peak examined by eye and appears reasonable.",""
01/03/1995 03:15,2.197,246.81,"2c","Digital Archive","",""
27/03/1995 00:30,2.010,211.25,"2c","Digital Archive","",""
03/10/1995 12:15,2.069,222.22,"2c","Digital Archive","",""
16/11/1995 02:45,2.607,332.92,"2c","Digital Archive","",""
18/02/1996 04:30,2.306,268.63,"2c","Digital Archive","",""
06/11/1996 04:45,2.311,269.65,"2c","Digital Archive","",""
12/11/1996 04:00,2.219,251.15,"2c","Digital Archive","",""
04/02/1997 11:15,2.786,373.92,"2c","Digital Archive","",""
17/02/1997 23:00,2.624,336.73,"2c","Digital Archive","",""
19/02/1997 20:30,3.319,507.87,"2c","Digital Archive","Non-independent peak removed A",""
02/03/1997 06:45,2.549,320.07,"2c","Digital Archive","",""
01/01/1998 23:15,2.137,235.15,"2c","Digital Archive","",""
09/01/1998 04:00,2.732,361.34,"2c","Digital Archive","",""
16/01/1998 05:30,1.950,200.35,"2c","Digital Archive","",""
07/03/1998 08:30,2.552,320.73,"2c","Digital Archive","",""
03/04/1998 08:15,2.125,232.84,"2c","Digital Archive","",""
16/10/1998 22:30,2.921,406.19,"2c","Digital Archive","",""
24/10/1998 17:15,3.082,446.15,"2c","Digital Archive","",""
27/10/1998 07:15,3.025,431.82,"2c","Digital Archive","",""
03/11/1998 09:00,2.390,285.97,"2c","Digital Archive","",""
05/01/1999 19:45,2.736,362.26,"2c","Digital Archive","",""
15/01/1999 21:30,3.111,453.51,"2c","Digital Archive","",""
25/01/1999 06:15,2.072,222.78,"2c","Digital Archive","",""
03/03/1999 20:15,1.950,200.35,"2c","Digital Archive","",""
01/10/1999 22:00,2.174,242.31,"2c","Digital Archive","",""
03/12/1999 08:00,3.200,476.45,"2c","023004.SG.HiUKPOT","",""
06/12/1999 12:15,3.090,448.17,"2c","023004.SG.HiUKPOT","",""
17/12/1999 07:30,2.710,356.26,"2c","023004.SG.HiUKPOT","",""
12/01/2000 02:30,3.560,574.11,"2c","023004.SG.HiUKPOT","",""
31/01/2000 23:45,2.640,340.33,"2c","023004.SG.HiUKPOT","",""
09/03/2000 02:30,2.630,338.07,"2c","023004.SG.HiUKPOT","",""
04/06/2000 06:45,3.110,453.26,"2c","023004.SG.HiUKPOT","",""
27/09/2000 07:30,2.790,374.86,"2c","023004.SG.HiUKPOT","",""
06/11/2000 14:15,3.400,529.74,"2c","023004.SG.HiUKPOT","",""
06/02/2001 16:30,3.120,455.81,"2c","023004.SG.HiUKPOT","",""
08/10/2001 23:45,3.120,455.81,"2c","023004.SG.HiUKPOT","",""
01/02/2002 17:00,3.150,463.51,"9c","023004.SG.HiUKPOT","",""
25/02/2002 18:15,3.310,505.46,"9c","023004.SG.HiUKPOT","",""
30/07/2002 17:45,2.720,358.57,"9c","023004.SG.HiUKPOT","",""
22/10/2002 05:00,2.740,363.19,"9c","023004.SG.HiUKPOT","",""
31/01/2004 18:30,3.390,527.02,"9c","023004.SG.HiUKPOT","",""
01/02/2004 22:15,2.670,347.12,"9c","023004.SG.HiUKPOT","",""
10/08/2004 15:45,3.320,508.14,"9c","023004.SG.HiUKPOT","",""
08/01/2005 03:45,4.690,929.80,"9c","023004.SG.HiUKPOT","",""
24/10/2005 14:30,3.100,450.71,"9c","023004.SG.HiUKPOT","",""
03/12/2006 18:30,2.330,273.54,"9c","023004.SG.HiUKPOT","",""
07/12/2006 22:30,2.680,349.40,"9c","023004.SG.HiUKPOT","",""
11/12/2006 07:45,2.835,385.50,"9c","023004.SG.HiUKPOT","",""
14/12/2006 23:45,2.028,214.57,"9c","023004.SG.HiUKPOT","",""
11/01/2007 07:15,2.403,288.70,"9c","023004.SG.HiUKPOT","",""
18/01/2007 14:00,2.068,222.03,"9c","023004.SG.HiUKPOT","",""
06/03/2007 09:15,1.992,207.95,"9c","023004.SG.HiUKPOT","",""
19/07/2007 21:45,2.913,404.24,"9c","023004.SG.HiUKPOT","",""
01/12/2007 06:30,2.019,212.91,"9c","023004.SG.HiUKPOT","",""
28/12/2007 06:45,2.411,290.38,"9c","023004.SG.HiUKPOT","",""
10/01/2008 14:15,2.779,372.28,"9c","023004.SG.HiUKPOT","",""
31/01/2008 10:00,2.331,273.74,"9c","023004.SG.HiUKPOT","",""
06/09/2008 17:00,3.636,595.72,"9c","023004.SG.HiUKPOT","",""
07/09/2008 17:15,2.049,218.47,"9c","023004.SG.HiUKPOT","",""
04/10/2008 22:00,2.423,292.92,"9c","023004.SG.HiUKPOT","",""
25/10/2008 23:15,2.627,337.40,"9c","023004.SG.HiUKPOT","",""
19/12/2008 21:00,3.159,465.82,"9c","023004.SG.HiUKPOT","",""
12/01/2009 08:15,2.015,212.17,"9c","023004.SG.HiUKPOT","",""
18/07/2009 02:30,3.379,524.03,"9c","023004.SG.HiUKPOT","",""
31/08/2009 23:15,2.615,334.71,"9c","023004.SG.HiUKPOT","",""
01/11/2009 17:00,2.751,365.75,"9c","023004.SG.HiUKPOT","",""
14/11/2009 02:45,2.081,224.47,"9c","023004.SG.HiUKPOT","",""
18/11/2009 09:15,3.222,482.19,"9c","023004.SG.HiUKPOT","",""
19/11/2009 13:00,1.982,206.13,"9c","023004.SG.HiUKPOT","",""
25/11/2009 01:30,2.793,375.57,"9c","023004.SG.HiUKPOT","",""
07/12/2009 09:45,1.935,197.66,"9c","023004.SG.HiUKPOT","",""
16/01/2010 12:45,2.586,328.24,"9c","023004.SG.HiUKPOT","",""
31/03/2010 04:00,2.185,244.46,"9c","023004.SG.HiUKPOT","",""
02/11/2010 22:45,3.033,433.81,"9c","023004.SG.HiUKPOT","",""
04/11/2010 21:00,2.919,405.70,"9c","023004.SG.HiUKPOT","",""
10/12/2010 22:00,2.072,222.78,"9c","023004.SG.HiUKPOT","",""
15/01/2011 19:45,2.660,344.85,"9c","023004.SG.HiUKPOT","",""
05/02/2011 06:15,2.730,360.88,"9c","023004.SG.HiUKPOT","",""
06/02/2011 17:15,2.954,414.25,"9c","023004.SG.HiUKPOT","",""
17/07/2011 19:30,1.926,196.05,"9c","023004.SG.HiUKPOT","",""
08/12/2011 14:45,3.254,490.60,"9c","023004.SG.HiUKPOT","",""
13/12/2011 05:15,1.971,204.13,"9c","023004.SG.HiUKPOT","",""
05/01/2012 02:15,1.974,204.68,"9c","023004.SG.HiUKPOT","",""
21/02/2012 01:15,2.369,281.59,"9c","023004.SG.HiUKPOT","",""
10/05/2012 20:30,2.979,420.40,"9c","023004.SG.HiUKPOT","",""
23/06/2012 05:45,3.426,536.85,"9c","023004.SG.HiUKPOT","",""
28/06/2012 17:30,3.133,459.14,"9c","023004.SG.HiUKPOT","",""
19/07/2012 03:45,1.946,199.63,"9c","023004.SG.HiUKPOT","",""
25/09/2012 08:00,2.802,377.69,"9c","023004.SG.HiUKPOT","",""
18/05/2013 14:45,4.008,706.40,"9c","Digital Archive","",""
23/12/2013 18:15,2.671,347.30,"9c","Digital Archive","",""
23/12/2014 18:00,2.329,273.33,"9c","Digital Archive","","AMAX ONLY"
15/11/2015 08:15,4.018,709.45,"9c","Digital Archive","",""
18/11/2015 16:15,2.861,391.71,"9c","Digital Archive","",""
05/12/2015 19:00,4.646,914.60,"9c","Digital Archive","",""
10/12/2015 03:45,2.916,404.97,"9c","Digital Archive","",""
26/12/2015 20:45,3.250,489.55,"9c","Digital Archive","",""
