"NAME:","Kielder Burn at Kielder"
"NUMBER:","23011"
"DATE","STAGE (m)","FLOW (m^3/s)","RATING","SOURCE","COMMENT","AMAX ONLY"
25/10/1970 00:00,1.537,49.73,"1c","Spreadsheet","Taken from northumbria high flows study",""
31/10/1970 00:00,1.861,70.74,"1c","Spreadsheet","Taken from northumbria high flows study",""
02/11/1970 00:00,1.008,22.86,"1c","Spreadsheet","Taken from northumbria high flows study",""
23/11/1970 00:00,1.618,54.66,"1c","Spreadsheet","Taken from northumbria high flows study",""
07/01/1971 00:00,1.200,31.52,"1c","Spreadsheet","Taken from northumbria high flows study",""
12/02/1971 00:00,1.165,29.85,"1c","Spreadsheet","Taken from northumbria high flows study",""
18/03/1971 00:00,0.971,21.34,"1c","Spreadsheet","Taken from northumbria high flows study",""
12/05/1971 00:00,1.117,27.62,"1c","Spreadsheet","Taken from northumbria high flows study",""
04/11/1971 14:30,1.799,66.46,"1c","Spreadsheet","Taken from northumbria high flows study",""
06/11/1971 05:30,1.284,35.70,"1c","Spreadsheet","Taken from northumbria high flows study",""
16/02/1972 00:00,0.908,18.86,"1c","Spreadsheet","Taken from northumbria high flows study",""
02/06/1972 00:00,0.908,18.86,"1c","Spreadsheet","Taken from northumbria high flows study",""
08/08/1972 00:00,0.923,19.44,"1c","Spreadsheet","Taken from northumbria high flows study",""
09/11/1972 00:00,0.922,19.40,"1c","Spreadsheet","Taken from northumbria high flows study",""
11/12/1972 00:00,1.420,42.98,"1c","Spreadsheet","Taken from northumbria high flows study",""
04/04/1973 00:00,1.075,25.74,"1c","Spreadsheet","Taken from northumbria high flows study",""
04/05/1973 00:00,1.356,39.48,"1c","Spreadsheet","Taken from northumbria high flows study",""
07/08/1973 00:00,1.259,34.44,"1c","Spreadsheet","Taken from northumbria high flows study",""
10/12/1973 00:00,0.908,18.86,"1c","Spreadsheet","Taken from northumbria high flows study",""
10/01/1974 00:00,1.130,28.22,"1c","Spreadsheet","Taken from northumbria high flows study",""
30/01/1974 00:00,0.958,20.82,"1c","Spreadsheet","Taken from northumbria high flows study",""
08/02/1974 00:00,1.007,22.82,"1c","Spreadsheet","Taken from northumbria high flows study",""
14/08/1974 00:00,0.964,21.06,"1c","Spreadsheet","Taken from northumbria high flows study",""
07/09/1974 00:00,1.090,26.41,"1c","Spreadsheet","Taken from northumbria high flows study",""
22/10/1974 00:00,0.907,18.82,"1c","Spreadsheet","Taken from northumbria high flows study",""
10/11/1974 00:00,1.454,44.90,"1c","Spreadsheet","Taken from northumbria high flows study",""
22/11/1974 00:00,1.291,36.07,"1c","Spreadsheet","Taken from northumbria high flows study",""
21/12/1974 00:00,1.820,67.89,"1c","Spreadsheet","Taken from northumbria high flows study",""
28/12/1974 00:00,1.210,32.01,"1c","Spreadsheet","Taken from northumbria high flows study",""
22/01/1975 00:00,1.300,36.53,"1c","Spreadsheet","Taken from northumbria high flows study",""
25/01/1975 00:00,1.380,40.78,"1c","Spreadsheet","Taken from northumbria high flows study",""
27/01/1975 00:00,1.140,28.68,"1c","Spreadsheet","Taken from northumbria high flows study",""
29/01/1975 00:00,1.340,38.63,"1c","Spreadsheet","Taken from northumbria high flows study",""
15/07/1975 00:00,0.922,19.40,"1c","Spreadsheet","Taken from northumbria high flows study",""
29/08/1975 00:00,2.168,93.70,"1c","Spreadsheet","Taken from northumbria high flows study",""
12/09/1975 00:00,1.016,23.20,"1c","Spreadsheet","Taken from northumbria high flows study",""
27/09/1975 00:00,1.051,24.69,"1c","Spreadsheet","Taken from northumbria high flows study",""
02/01/1976 00:00,1.646,56.42,"1c","Spreadsheet","Taken from northumbria high flows study",""
19/01/1976 00:00,1.431,43.60,"1c","Spreadsheet","Taken from northumbria high flows study",""
23/02/1976 00:00,1.265,34.74,"1c","Spreadsheet","Taken from northumbria high flows study",""
25/03/1976 00:00,0.962,20.98,"1c","Spreadsheet","Taken from northumbria high flows study",""
29/09/1976 00:00,1.029,23.75,"1c","Spreadsheet","Taken from northumbria high flows study",""
15/10/1976 00:00,1.755,63.49,"1c","Spreadsheet","Taken from northumbria high flows study",""
04/01/1977 00:00,0.964,21.06,"1c","Spreadsheet","Taken from northumbria high flows study",""
25/01/1977 00:00,1.453,44.84,"1c","Spreadsheet","Taken from northumbria high flows study",""
03/02/1977 00:00,1.100,26.85,"1c","Spreadsheet","Taken from northumbria high flows study",""
09/02/1977 00:00,0.965,21.10,"1c","Spreadsheet","Taken from northumbria high flows study",""
10/06/1977 00:00,1.122,27.85,"1c","Spreadsheet","Taken from northumbria high flows study",""
13/06/1977 00:00,1.000,22.53,"1c","Spreadsheet","Taken from northumbria high flows study",""
01/09/1977 00:00,1.020,23.37,"1c","Spreadsheet","Taken from northumbria high flows study",""
30/10/1977 00:00,1.360,39.70,"1c","Spreadsheet","Taken from northumbria high flows study",""
09/11/1977 00:00,1.270,34.99,"1c","Spreadsheet","Taken from northumbria high flows study",""
23/12/1977 00:00,1.210,32.01,"1c","Spreadsheet","Taken from northumbria high flows study",""
24/02/1978 00:00,1.235,33.24,"1c","Spreadsheet","Taken from northumbria high flows study",""
19/03/1978 00:00,1.148,29.05,"1c","Spreadsheet","Taken from northumbria high flows study",""
14/08/1978 00:00,0.909,18.90,"1c","Spreadsheet","Taken from northumbria high flows study",""
28/09/1978 00:00,1.251,34.03,"1c","Spreadsheet","Taken from northumbria high flows study",""
15/11/1978 00:00,1.708,60.40,"1c","Spreadsheet","Taken from northumbria high flows study",""
07/12/1978 00:00,1.318,37.47,"1c","Spreadsheet","Taken from northumbria high flows study",""
24/12/1978 00:00,1.075,25.74,"1c","Spreadsheet","Taken from northumbria high flows study",""
07/01/1979 00:00,1.010,22.95,"1c","Spreadsheet","Taken from northumbria high flows study",""
27/02/1979 00:00,1.169,30.04,"1c","Spreadsheet","Taken from northumbria high flows study",""
02/03/1979 00:00,1.294,36.22,"1c","Spreadsheet","Taken from northumbria high flows study",""
08/03/1979 00:00,1.225,32.74,"1c","Spreadsheet","Taken from northumbria high flows study",""
20/03/1979 00:00,1.158,29.52,"1c","Spreadsheet","Taken from northumbria high flows study",""
14/08/1979 00:00,1.009,22.90,"1c","Spreadsheet","Taken from northumbria high flows study",""
13/10/1979 00:00,1.111,27.35,"1c","Spreadsheet","Taken from northumbria high flows study",""
30/10/1979 00:00,1.041,24.26,"1c","Spreadsheet","Taken from northumbria high flows study",""
25/11/1979 00:00,1.568,51.59,"1c","Spreadsheet","Taken from northumbria high flows study",""
04/12/1979 00:00,1.160,29.61,"1c","Spreadsheet","Taken from northumbria high flows study",""
20/12/1979 00:00,1.078,25.87,"1c","Spreadsheet","Taken from northumbria high flows study",""
26/12/1979 00:00,1.334,38.31,"1c","Spreadsheet","Taken from northumbria high flows study",""
03/01/1980 00:00,1.024,23.54,"1c","Spreadsheet","Taken from northumbria high flows study",""
19/07/1980 00:00,1.036,24.05,"1c","Spreadsheet","Taken from northumbria high flows study",""
30/08/1980 00:00,1.065,25.30,"1c","Spreadsheet","Taken from northumbria high flows study",""
11/09/1980 00:00,1.299,36.48,"1c","Spreadsheet","Taken from northumbria high flows study",""
18/10/1980 00:00,1.084,26.14,"1c","Spreadsheet","Taken from northumbria high flows study",""
23/10/1980 00:00,1.106,27.12,"1c","Spreadsheet","Taken from northumbria high flows study",""
20/11/1980 00:00,1.206,31.81,"1c","Spreadsheet","Taken from northumbria high flows study",""
14/12/1980 00:00,1.405,42.15,"1c","Spreadsheet","Taken from northumbria high flows study",""
02/02/1981 00:00,1.422,43.09,"1c","Spreadsheet","Taken from northumbria high flows study",""
02/03/1981 00:00,1.257,34.34,"1c","Spreadsheet","Taken from northumbria high flows study",""
07/03/1981 00:00,1.424,43.20,"1c","Spreadsheet","Taken from northumbria high flows study",""
24/03/1981 00:00,1.207,31.86,"1c","Spreadsheet","Taken from northumbria high flows study",""
26/05/1981 00:00,1.006,22.78,"1c","Spreadsheet","Taken from northumbria high flows study",""
06/06/1981 00:00,1.022,23.45,"1c","Spreadsheet","Taken from northumbria high flows study",""
11/06/1981 00:00,1.054,24.82,"1c","Spreadsheet","Taken from northumbria high flows study",""
22/07/1981 00:00,1.351,39.21,"1c","Spreadsheet","Taken from northumbria high flows study",""
19/09/1981 00:00,1.502,47.66,"1c","Spreadsheet","Taken from northumbria high flows study",""
22/09/1981 00:00,1.040,24.22,"1c","Spreadsheet","Taken from northumbria high flows study",""
26/09/1981 00:00,1.289,35.96,"1c","Spreadsheet","Taken from northumbria high flows study",""
01/10/1981 00:00,1.199,31.47,"1c","Spreadsheet","Taken from northumbria high flows study",""
09/10/1981 00:00,1.301,36.58,"1c","Spreadsheet","Taken from northumbria high flows study",""
20/11/1981 00:00,1.001,22.57,"1c","Spreadsheet","Taken from northumbria high flows study",""
23/11/1981 13:00,1.899,73.42,"1c","Digital Archive","",""
03/01/1982 09:15,1.748,63.03,"1c","Digital Archive","Non-independent peak removed A",""
09/02/1982 22:00,1.292,36.12,"1c","Digital Archive","",""
03/03/1982 00:00,1.164,29.80,"1c","Digital Archive","",""
09/03/1982 22:00,1.291,36.07,"1c","Digital Archive","",""
23/11/1982 20:45,1.299,36.48,"1c","Digital Archive","",""
15/12/1982 14:15,1.246,33.78,"1c","Digital Archive","",""
19/12/1982 12:45,1.664,57.56,"1c","Digital Archive","",""
03/01/1983 04:45,1.131,28.26,"1c","Digital Archive","",""
06/01/1983 04:45,1.064,25.26,"1c","Digital Archive","",""
12/01/1983 03:00,1.100,26.85,"1c","Digital Archive","",""
03/03/1983 05:30,1.070,25.52,"1c","Digital Archive","",""
07/03/1983 10:00,1.080,25.96,"1c","Digital Archive","",""
15/10/1983 12:30,1.230,32.99,"1c","Digital Archive","",""
24/12/1983 18:00,1.457,45.07,"1c","Digital Archive","",""
02/01/1984 09:15,1.266,34.79,"1c","Digital Archive","",""
13/01/1984 05:00,1.419,42.93,"1c","Digital Archive","",""
04/02/1984 16:30,1.690,59.23,"1c","Digital Archive","",""
18/10/1984 12:15,1.083,26.09,"1c","Digital Archive","",""
22/10/1984 20:30,1.399,41.82,"1c","Digital Archive","",""
03/11/1984 17:30,2.325,106.59,"1c","Digital Archive","Peak examined by eye and appears reasonable.",""
27/11/1984 21:15,1.378,40.67,"1c","Digital Archive","",""
31/01/1985 03:15,1.337,38.47,"1c","Digital Archive","",""
30/03/1985 19:00,1.143,28.82,"1c","Digital Archive","",""
01/04/1985 21:00,1.281,35.55,"1c","Digital Archive","",""
24/06/1985 04:30,1.075,25.74,"1c","Digital Archive","",""
17/07/1985 21:45,1.240,33.49,"1c","Digital Archive","",""
22/07/1985 15:15,1.064,25.26,"1c","Digital Archive","",""
27/07/1985 00:30,1.174,30.28,"1c","Digital Archive","Non-independent peak removed A",""
14/08/1985 18:00,1.682,58.71,"1c","Digital Archive","",""
24/08/1985 02:30,1.143,28.82,"1c","Digital Archive","",""
27/08/1985 23:15,1.501,47.61,"1c","Digital Archive","",""
21/09/1985 08:30,1.652,56.80,"1c","Digital Archive","",""
01/12/1985 10:30,1.172,30.18,"1c","Digital Archive","",""
21/12/1985 12:15,1.751,63.23,"1c","Digital Archive","",""
10/01/1986 09:45,1.373,40.40,"1c","Digital Archive","",""
04/03/1986 23:30,1.190,31.04,"1c","Digital Archive","",""
22/03/1986 23:15,1.146,28.96,"1c","Digital Archive","",""
07/05/1986 08:15,1.399,41.82,"1c","Digital Archive","",""
25/05/1986 05:00,1.256,34.29,"1c","Digital Archive","",""
17/06/1986 14:30,2.184,94.99,"1c","Digital Archive","Peak examined by eye and appears reasonable.",""
26/08/1986 12:45,1.200,31.52,"1c","Digital Archive","",""
25/10/1986 05:45,1.388,41.21,"1c","Digital Archive","",""
30/10/1986 07:15,1.376,40.56,"1c","Digital Archive","",""
09/11/1986 20:15,1.223,32.64,"1c","Digital Archive","",""
25/11/1986 13:15,1.276,35.30,"1c","Digital Archive","",""
05/12/1986 06:15,1.225,32.74,"1c","Digital Archive","",""
11/12/1986 09:45,1.085,26.18,"1c","Digital Archive","",""
04/01/1987 13:00,1.422,43.09,"1c","Digital Archive","",""
10/02/1987 01:15,1.075,25.74,"1c","Digital Archive","",""
02/03/1987 05:30,1.445,44.39,"1c","Digital Archive","",""
27/03/1987 00:15,1.108,27.22,"1c","Digital Archive","",""
10/04/1987 20:30,1.141,28.73,"1c","Digital Archive","",""
18/07/1987 14:00,1.116,27.58,"1c","Digital Archive","",""
16/08/1987 22:00,1.095,26.63,"1c","Digital Archive","",""
20/08/1987 15:00,1.199,31.47,"1c","Digital Archive","",""
25/08/1987 21:45,1.146,28.96,"1c","Digital Archive","",""
30/10/1987 07:30,1.235,33.24,"1c","Digital Archive","",""
01/11/1987 16:30,1.419,42.93,"1c","Digital Archive","",""
04/11/1987 06:30,1.200,31.52,"1c","Digital Archive","",""
26/12/1987 11:30,1.065,25.30,"1c","Digital Archive","Peak examined by eye and appears reasonable.",""
27/12/1987 14:00,1.950,77.09,"1c","Digital Archive","Peak examined by eye and appears reasonable.",""
06/01/1988 10:00,1.134,28.40,"1c","Digital Archive","",""
09/01/1988 14:15,1.120,27.76,"1c","Digital Archive","",""
01/02/1988 16:45,1.075,25.74,"1c","Digital Archive","",""
21/01/1989 20:30,1.184,30.75,"1c","Digital Archive","",""
28/01/1989 02:00,1.320,37.57,"1c","Digital Archive","",""
10/11/1989 23:00,1.240,33.49,"1c","Digital Archive","",""
24/12/1989 16:45,1.085,26.18,"1c","Digital Archive","",""
16/01/1990 19:00,1.115,27.53,"1c","Digital Archive","",""
19/01/1990 09:00,1.169,30.04,"1c","Digital Archive","",""
23/01/1990 05:30,1.350,39.16,"1c","Digital Archive","",""
25/01/1990 14:15,1.065,25.30,"1c","Digital Archive","",""
29/01/1990 21:00,1.184,30.75,"1c","Digital Archive","",""
04/02/1990 15:45,1.896,73.21,"1c","Digital Archive","",""
17/02/1990 15:15,1.534,49.55,"1c","Digital Archive","",""
19/02/1990 11:45,1.463,45.41,"1c","Digital Archive","",""
20/02/1990 06:45,1.060,25.08,"1c","Digital Archive","",""
24/02/1990 16:45,1.527,49.14,"1c","Digital Archive","",""
26/02/1990 05:30,1.325,37.83,"1c","Digital Archive","",""
16/05/1990 21:30,1.256,34.29,"1c","Digital Archive","",""
24/09/1990 19:00,1.067,25.39,"1c","Digital Archive","",""
06/10/1990 13:30,1.659,57.24,"1c","Digital Archive","",""
22/12/1990 10:00,1.116,27.58,"1c","Digital Archive","",""
26/12/1990 09:45,1.360,39.70,"1c","Digital Archive","",""
28/12/1990 11:30,1.465,45.52,"1c","Digital Archive","",""
01/01/1991 16:30,2.029,82.94,"1c","Digital Archive","Peak examined by eye and appears reasonable.",""
05/01/1991 18:30,1.149,29.10,"1c","Digital Archive","",""
23/02/1991 04:30,1.769,64.43,"1c","Digital Archive","",""
24/02/1991 02:15,1.794,66.12,"1c","Digital Archive","",""
04/03/1991 23:15,1.396,41.65,"1c","Digital Archive","",""
21/03/1991 02:15,1.157,29.47,"1c","Digital Archive","",""
08/10/1991 05:15,1.164,29.80,"1c","Digital Archive","",""
31/10/1991 17:15,1.236,33.29,"1c","Digital Archive","",""
10/11/1991 21:30,1.409,42.37,"1c","Digital Archive","",""
18/11/1991 23:00,1.279,35.45,"1c","Digital Archive","",""
22/12/1991 09:30,1.481,46.44,"1c","Digital Archive","",""
23/12/1991 08:15,1.393,41.49,"1c","Digital Archive","",""
08/01/1992 14:00,1.300,36.53,"1c","Digital Archive","",""
01/04/1992 06:15,1.299,36.48,"1c","Digital Archive","Non-independent peak removed B",""
21/05/1992 07:15,1.072,25.61,"1c","Digital Archive","",""
13/08/1992 03:30,1.569,51.65,"1c","Digital Archive","",""
02/09/1992 19:45,1.062,25.17,"1c","Digital Archive","",""
01/11/1992 07:15,1.203,31.72,"1c","Digital Archive","",""
02/11/1992 07:15,1.322,37.68,"1c","Digital Archive","",""
01/12/1992 14:15,1.422,43.15,"1c","Digital Archive","Non-independent peak removed A",""
09/01/1993 08:00,1.481,45.03,"B (Feb 2012)2","Digital Archive","",""
10/01/1993 14:00,1.353,37.23,"B (Feb 2012)2","Digital Archive","",""
15/01/1993 08:30,2.187,95.31,"B (Feb 2012)3","Digital Archive","Peak examined by eye and appears reasonable.",""
23/01/1993 20:30,1.475,44.64,"B (Feb 2012)2","Digital Archive","",""
18/05/1993 00:15,1.231,30.77,"B (Feb 2012)2","Digital Archive","Non-independent peak removed BNon-independent peak removed A",""
05/08/1993 09:30,1.457,43.48,"B (Feb 2012)2","Digital Archive","",""
04/12/1993 04:00,1.325,35.66,"B (Feb 2012)2","Digital Archive","",""
08/12/1993 19:45,1.314,35.01,"B (Feb 2012)2","Digital Archive","",""
18/12/1993 15:15,1.789,65.78,"B (Feb 2012)3","Digital Archive","Non-independent peak removed A",""
05/03/1994 04:45,1.669,57.88,"B (Feb 2012)3","Digital Archive","",""
23/03/1994 14:30,1.296,34.04,"B (Feb 2012)2","Digital Archive","",""
25/08/1994 03:15,1.465,43.99,"B (Feb 2012)2","Digital Archive","",""
14/11/1994 09:45,1.246,31.52,"B (Feb 2012)2","Digital Archive","",""
08/12/1994 08:30,1.549,49.56,"B (Feb 2012)2","Digital Archive","",""
28/12/1994 19:15,1.223,30.38,"B (Feb 2012)2","Digital Archive","",""
31/01/1995 10:45,2.007,81.37,"B (Feb 2012)3","Digital Archive","Peak examined by eye and appears reasonable.",""
19/02/1995 00:30,1.246,31.47,"B (Feb 2012)2","Digital Archive","",""
15/11/1995 22:00,1.246,31.52,"B (Feb 2012)2","Digital Archive","",""
01/05/1996 11:30,1.297,34.10,"B (Feb 2012)2","Digital Archive","",""
06/11/1996 01:30,1.358,37.51,"B (Feb 2012)2","Digital Archive","",""
11/11/1996 20:45,1.347,36.83,"B (Feb 2012)2","Digital Archive","",""
10/02/1997 10:45,1.731,61.97,"B (Feb 2012)3","Digital Archive","",""
17/02/1997 20:30,1.978,79.14,"B (Feb 2012)3","Digital Archive","Peak examined by eye and appears reasonable.",""
19/02/1997 18:15,1.967,78.33,"B (Feb 2012)3","Digital Archive","Peak examined by eye and appears reasonable.",""
20/02/1997 23:15,1.424,41.42,"B (Feb 2012)2","Digital Archive","",""
02/03/1997 04:15,1.338,36.33,"B (Feb 2012)2","Digital Archive","",""
09/01/1998 04:00,1.269,32.63,"B (Feb 2012)2","Digital Archive","",""
03/04/1998 07:00,1.537,48.80,"B (Feb 2012)2","Digital Archive","",""
24/10/1998 14:00,1.733,62.10,"B (Feb 2012)3","Digital Archive","",""
02/11/1998 19:45,1.569,50.98,"B (Feb 2012)2","Digital Archive","Non-independent peak removed A",""
05/01/1999 15:30,1.338,36.38,"B (Feb 2012)2","Digital Archive","",""
15/01/1999 13:45,1.613,54.28,"B (Feb 2012)2","Digital Archive","",""
19/01/1999 09:15,1.235,30.92,"B (Feb 2012)2","Digital Archive","",""
25/01/1999 01:30,1.797,66.32,"B (Feb 2012)3","Digital Archive","",""
27/06/1999 08:15,1.263,32.33,"B (Feb 2012)2","Digital Archive","",""
28/11/1999 18:15,1.310,34.63,"B (Feb 2012)2","Digital Archive","",""
03/12/1999 07:45,1.590,52.14,"B (Feb 2012)2","Digital Archive","",""
09/12/1999 01:30,1.290,33.73,"B (Feb 2012)2","Digital Archive","",""
17/12/1999 04:30,1.380,38.55,"B (Feb 2012)2","Digital Archive","",""
10/02/2000 07:30,1.420,41.23,"B (Feb 2012)2","Digital Archive","",""
27/02/2000 12:45,1.600,53.31,"B (Feb 2012)2","Digital Archive","",""
04/06/2000 06:00,1.270,32.69,"B (Feb 2012)2","Digital Archive","",""
09/07/2000 17:30,1.640,55.91,"B (Feb 2012)3","Digital Archive","",""
19/08/2000 14:30,1.340,36.50,"B (Feb 2012)2","Digital Archive","",""
20/08/2000 18:45,1.450,42.78,"B (Feb 2012)2","Digital Archive","",""
09/10/2000 18:30,1.230,30.72,"B (Feb 2012)2","Digital Archive","",""
25/10/2000 04:15,1.230,30.77,"B (Feb 2012)2","Digital Archive","",""
28/11/2000 19:30,1.490,45.55,"B (Feb 2012)2","Digital Archive","",""
06/02/2001 21:15,1.260,32.23,"B (Feb 2012)2","Digital Archive","",""
11/02/2001 04:00,1.820,68.03,"B (Feb 2012)3","Digital Archive","",""
01/02/2002 13:30,2.330,106.80,"B (Feb 2012)3","Digital Archive","",""
11/02/2002 07:30,1.470,44.31,"B (Feb 2012)2","Digital Archive","",""
25/02/2002 17:45,1.230,30.82,"B (Feb 2012)2","Digital Archive","",""
10/03/2002 15:00,1.420,40.93,"B (Feb 2012)2","Digital Archive","",""
02/08/2002 13:45,2.190,95.31,"B (Feb 2012)3","Digital Archive","",""
22/10/2002 04:00,1.680,58.39,"B (Feb 2012)3","Digital Archive","",""
27/10/2002 09:00,1.360,37.51,"B (Feb 2012)2","Digital Archive","",""
03/11/2002 00:45,1.270,32.53,"B (Feb 2012)2","Digital Archive","",""
31/01/2004 14:45,1.340,36.55,"B (Feb 2012)2","Digital Archive","",""
01/02/2004 20:00,1.810,67.34,"B (Feb 2012)3","Digital Archive","",""
03/02/2004 12:30,1.780,65.44,"B (Feb 2012)3","Digital Archive","",""
20/03/2004 13:15,1.400,40.02,"B (Feb 2012)2","Digital Archive","",""
09/08/2004 18:15,1.300,34.42,"B (Feb 2012)2","Digital Archive","",""
18/08/2004 20:15,1.930,75.42,"B (Feb 2012)3","Digital Archive","",""
04/10/2004 08:45,1.250,31.82,"B (Feb 2012)2","Digital Archive","",""
08/01/2005 01:30,1.970,78.33,"B (Feb 2012)3","Digital Archive","",""
10/01/2005 01:15,1.620,54.81,"B (Feb 2012)2","Digital Archive","",""
12/10/2005 01:00,2.100,88.68,"B (Feb 2012)3","Digital Archive","",""
24/10/2005 13:15,1.780,65.37,"B (Feb 2012)3","Digital Archive","",""
11/01/2006 02:45,1.260,32.07,"B (Feb 2012)2","Digital Archive","",""
14/09/2006 20:00,1.440,42.10,"B (Feb 2012)2","Digital Archive","",""
26/10/2006 01:15,1.414,40.75,"B (Feb 2012)2","Digital Archive","",""
20/11/2006 03:00,1.353,37.17,"B (Feb 2012)2","Digital Archive","",""
03/12/2006 17:00,1.256,31.97,"B (Feb 2012)2","Digital Archive","",""
11/01/2007 05:30,1.303,34.42,"B (Feb 2012)2","Digital Archive","",""
24/09/2007 07:00,1.227,30.53,"B (Feb 2012)2","Digital Archive","",""
28/12/2007 08:15,1.570,51.05,"B (Feb 2012)2","Digital Archive","",""
10/01/2008 13:15,1.402,40.02,"B (Feb 2012)2","Digital Archive","",""
29/02/2008 19:15,1.596,52.94,"B (Feb 2012)2","Digital Archive","",""
10/07/2008 15:45,1.696,59.62,"B (Feb 2012)3","Digital Archive","",""
01/08/2008 08:45,1.376,38.49,"B (Feb 2012)2","Digital Archive","",""
10/08/2008 05:45,1.220,30.19,"B (Feb 2012)2","Digital Archive","",""
06/09/2008 00:00,1.360,37.57,"B (Feb 2012)2","Digital Archive","",""
07/09/2008 11:00,1.216,29.99,"B (Feb 2012)2","Digital Archive","",""
23/10/2008 18:45,1.433,41.91,"B (Feb 2012)2","Digital Archive","",""
25/10/2008 19:45,1.536,48.66,"B (Feb 2012)2","Digital Archive","",""
12/01/2009 01:15,2.183,94.91,"B (Feb 2012)3","Digital Archive","",""
08/03/2009 00:00,1.264,32.38,"B (Feb 2012)2","Digital Archive","",""
18/07/2009 01:30,1.411,40.56,"B (Feb 2012)2","Digital Archive","",""
21/08/2009 04:45,1.300,34.26,"B (Feb 2012)2","Digital Archive","",""
01/11/2009 14:30,1.867,71.16,"B (Feb 2012)3","Digital Archive","",""
18/11/2009 05:45,1.329,35.83,"B (Feb 2012)2","Digital Archive","",""
19/11/2009 14:15,1.839,69.20,"B (Feb 2012)3","Digital Archive","",""
21/11/2009 20:45,1.213,29.85,"B (Feb 2012)2","Digital Archive","",""
24/11/2009 21:45,1.489,45.49,"B (Feb 2012)2","Digital Archive","",""
30/03/2010 18:45,1.289,33.68,"B (Feb 2012)2","Digital Archive","",""
14/07/2010 22:15,1.276,33.00,"B (Feb 2012)2","Digital Archive","",""
16/01/2011 01:45,1.780,65.17,"B (Feb 2012)3","Digital Archive","",""
04/02/2011 23:30,1.405,40.20,"B (Feb 2012)2","Digital Archive","",""
07/02/2011 09:15,1.553,49.81,"B (Feb 2012)2","Digital Archive","",""
23/05/2011 12:15,1.375,38.43,"B (Feb 2012)2","Digital Archive","",""
17/07/2011 08:00,1.227,30.53,"B (Feb 2012)2","Digital Archive","",""
06/09/2011 08:00,1.302,34.36,"B (Feb 2012)2","Digital Archive","",""
08/12/2011 12:30,1.726,61.57,"B (Feb 2012)3","Digital Archive","",""
16/06/2012 23:15,1.360,37.57,"B (Feb 2012)2","Digital Archive","",""
28/06/2012 16:15,1.520,47.56,"B (Feb 2012)2","Digital Archive","",""
07/07/2012 04:15,1.263,32.33,"B (Feb 2012)2","Digital Archive","",""
05/08/2012 09:15,1.414,40.75,"B (Feb 2012)2","Digital Archive","",""
20/09/2012 21:15,1.634,55.66,"B (Feb 2012)3","Digital Archive","",""
12/10/2012 08:15,1.237,31.02,"B (Feb 2012)2","Digital Archive","",""
20/12/2012 20:00,1.346,36.78,"B (Feb 2012)2","Digital Archive","",""
29/01/2013 19:45,1.794,66.12,"B (Feb 2012)3","Digital Archive","",""
18/04/2013 02:45,1.530,48.24,"B (Feb 2012)2","Digital Archive","",""
27/10/2013 20:00,1.461,43.67,"B (Feb 2012)2","Digital Archive","",""
20/12/2013 23:00,1.513,47.09,"B (Feb 2012)2","Digital Archive","",""
21/12/2013 20:15,1.517,47.36,"B (Feb 2012)2","Digital Archive","",""
24/12/2013 03:30,1.391,39.37,"B (Feb 2012)2","Digital Archive","",""
27/12/2013 15:45,1.489,45.49,"B (Feb 2012)2","Digital Archive","",""
23/02/2014 15:15,1.475,44.57,"B (Feb 2012)2","Digital Archive","",""
07/03/2014 06:30,1.415,40.81,"B (Feb 2012)2","Digital Archive","",""
08/08/2014 20:45,1.417,40.93,"B (Feb 2012)2","Digital Archive","",""
04/10/2014 08:00,1.542,49.07,"B (Feb 2012)2","Digital Archive","",""
28/10/2014 16:00,1.408,40.38,"B (Feb 2012)2","Digital Archive","",""
04/11/2014 22:30,1.291,33.78,"B (Feb 2012)2","Digital Archive","",""
09/12/2014 18:15,1.497,46.02,"B (Feb 2012)2","Digital Archive","",""
14/12/2014 14:30,1.340,36.44,"B (Feb 2012)2","Digital Archive","",""
22/12/2014 08:00,1.228,30.58,"B (Feb 2012)2","Digital Archive","",""
01/01/2015 17:45,1.475,44.57,"B (Feb 2012)2","Digital Archive","",""
07/01/2015 21:30,1.258,32.07,"B (Feb 2012)2","Digital Archive","",""
10/01/2015 07:00,1.539,48.87,"B (Feb 2012)2","Digital Archive","",""
12/01/2015 08:45,1.256,31.97,"B (Feb 2012)2","Digital Archive","",""
26/02/2015 08:30,1.335,36.16,"B (Feb 2012)2","Digital Archive","",""
17/07/2015 08:30,1.340,36.44,"B (Feb 2012)2","Digital Archive","",""
08/11/2015 18:45,1.724,61.44,"B (Feb 2012)3","Digital Archive","",""
15/11/2015 07:30,1.380,38.72,"B (Feb 2012)2","Digital Archive","",""
03/12/2015 21:15,1.772,64.63,"B (Feb 2012)3","Digital Archive","",""
05/12/2015 19:30,1.823,68.10,"B (Feb 2012)3","Digital Archive","",""
10/12/2015 00:00,1.259,32.12,"B (Feb 2012)2","Digital Archive","",""
22/12/2015 09:45,1.717,60.98,"B (Feb 2012)3","Digital Archive","",""
26/12/2015 08:30,1.528,48.11,"B (Feb 2012)2","Digital Archive","",""
05/01/2016 19:45,1.536,48.66,"B (Feb 2012)2","Digital Archive","",""
22/01/2016 11:30,1.417,40.93,"B (Feb 2012)2","Digital Archive","",""
26/01/2016 13:45,1.855,70.32,"B (Feb 2012)3","Digital Archive","",""
27/01/2016 11:30,1.639,55.98,"B (Feb 2012)3","Digital Archive","",""
