"NAME:","Lymn at Partney Mill"
"NUMBER:","30004"
"DATE","STAGE (m)","FLOW (m^3/s)","RATING","SOURCE","COMMENT","AMAX ONLY"
20/12/1962 00:00,,3.11,"1a","FEH CD-ROM","",""
27/01/1963 00:00,,3.17,"1a","FEH CD-ROM","",""
05/03/1963 00:00,,4.05,"1a","FEH CD-ROM","",""
14/03/1964 00:00,,5.61,"1a","FEH CD-ROM","",""
24/03/1964 00:00,,3.82,"1a","FEH CD-ROM","",""
21/04/1964 00:00,,3.23,"1a","FEH CD-ROM","",""
21/03/1965 00:00,,2.12,"1a","FEH","","AMAX ONLY"
25/11/1965 00:00,,5.38,"1a","FEH CD-ROM","","AMAX ONLY"
29/11/1965 00:00,,11.00,"1a","FEH CD-ROM","","AMAX ONLY"
04/12/1965 00:00,,3.26,"1a","FEH CD-ROM","","AMAX ONLY"
09/12/1965 00:00,,5.92,"1a","FEH CD-ROM","","AMAX ONLY"
18/12/1965 00:00,,5.38,"1a","FEH CD-ROM","",""
23/12/1965 00:00,,5.01,"1a","FEH CD-ROM","",""
29/12/1965 00:00,,3.31,"1a","FEH CD-ROM","",""
01/01/1966 00:00,,3.85,"1a","FEH CD-ROM","",""
28/01/1966 00:00,,4.81,"1a","FEH CD-ROM","",""
08/02/1966 00:00,,6.03,"1a","FEH CD-ROM","",""
20/02/1966 00:00,,6.14,"1a","FEH CD-ROM","",""
23/06/1966 00:00,,4.78,"1a","FEH CD-ROM","",""
23/11/1966 00:00,,3.31,"1a","FEH CD-ROM","",""
01/12/1966 00:00,,3.31,"1a","FEH CD-ROM","",""
14/05/1967 00:00,,5.32,"1a","FEH CD-ROM","",""
06/11/1967 00:00,,3.71,"1a","FEH CD-ROM","",""
11/07/1968 00:00,,13.25,"1a","FEH CD-ROM","",""
08/08/1968 00:00,,5.27,"1a","FEH CD-ROM","",""
11/09/1968 00:00,,4.81,"1a","FEH CD-ROM","",""
16/09/1968 00:00,,6.51,"1a","FEH CD-ROM","",""
02/11/1968 00:00,,10.11,"1a","FEH CD-ROM","",""
26/11/1968 00:00,,3.14,"1a","FEH CD-ROM","",""
13/01/1969 00:00,,2.97,"1a","FEH CD-ROM","",""
16/01/1969 00:00,,6.48,"1a","FEH CD-ROM","",""
18/01/1969 00:00,,2.89,"1a","FEH CD-ROM","",""
20/01/1969 00:00,,4.05,"1a","FEH CD-ROM","",""
23/02/1969 00:00,,4.67,"1a","FEH CD-ROM","",""
13/03/1969 00:00,,3.31,"1a","CEH POTS 22-11-82","Table shows peaks over 2.830 Cumecs, flow data from WDU Archive",""
13/04/1969 00:00,,3.37,"1a","CEH POTS 22-11-82","Table shows peaks over 2.830 Cumecs, flow data from WDU Archive",""
16/04/1969 00:00,,4.90,"1a","CEH POTS 22-11-82","Table shows peaks over 2.830 Cumecs, flow data from WDU Archive",""
30/05/1969 00:00,,3.61,"1a","CEH POTS 22-11-82","Table shows peaks over 2.830 Cumecs, flow data from WDU Archive",""
03/06/1969 00:00,,7.19,"1a","CEH POTS 22-11-82","Table shows peaks over 2.830 Cumecs, flow data from WDU Archive",""
23/06/1969 00:00,,3.11,"1a","CEH POTS 22-11-82","Table shows peaks over 2.830 Cumecs, flow data from WDU Archive",""
12/04/1970 00:00,,8.91,"1a","CEH POTS 22-11-82","Table shows peaks over 2.830 Cumecs, annual peak only","AMAX ONLY"
23/01/1971 00:00,,6.72,"1a","CEH POTS 22-11-82","Table shows peaks over 2.830 Cumecs, annual peak only","AMAX ONLY"
27/01/1972 00:00,,5.98,"1a","CEH POTS 22-11-82","Table shows peaks over 2.830 Cumecs, annual peak only","AMAX ONLY"
06/12/1972 00:00,,4.08,"1a","CEH POTS 22-11-82","Table shows peaks over 2.830 Cumecs, annual peak only","AMAX ONLY"
09/02/1974 00:00,0.550,4.18,"1a","CEH POTS 22-11-82","Table shows peaks over 2.830 Cumecs,Data from recorder charts, Threshold lvl=0.426m",""
04/10/1974 00:00,0.550,4.18,"1a","CEH POTS 22-11-82","Table shows peaks over 2.830 Cumecs,Data from recorder charts, Threshold lvl=0.426m",""
07/10/1974 00:00,0.850,8.13,"1a","CEH POTS 22-11-82","Table shows peaks over 2.830 Cumecs,Data from recorder charts, Threshold lvl=0.426m",""
10/10/1974 00:00,0.430,2.87,"1a","CEH POTS 22-11-82","Table shows peaks over 2.830 Cumecs,Data from recorder charts, Threshold lvl=0.426m",""
18/10/1974 00:00,0.460,3.18,"1a","CEH POTS 22-11-82","Table shows peaks over 2.830 Cumecs,Data from recorder charts, Threshold lvl=0.426m",""
18/11/1974 00:00,0.450,3.07,"1a","CEH POTS 22-11-82","Table shows peaks over 2.830 Cumecs,Data from recorder charts, Threshold lvl=0.426m",""
27/01/1975 00:00,0.690,5.91,"1a","CEH POTS 22-11-82","Table shows peaks over 2.830 Cumecs,Data from recorder charts, Threshold lvl=0.426m",""
13/02/1975 00:00,0.500,3.61,"1a","CEH POTS 22-11-82","Table shows peaks over 2.830 Cumecs,Data from recorder charts, Threshold lvl=0.426m",""
09/03/1975 00:00,0.500,3.61,"1a","CEH POTS 22-11-82","Table shows peaks over 2.830 Cumecs,Data from recorder charts, Threshold lvl=0.426m",""
19/04/1975 00:00,0.890,8.72,"1a","CEH POTS 22-11-82","Table shows peaks over 2.830 Cumecs,Data from recorder charts, Threshold lvl=0.426m",""
01/12/1975 00:00,0.430,2.87,"1a","CEH POTS 1-Oct-85","Threshold Level 0.426m",""
01/01/1977 00:00,0.470,3.28,"1a","CEH POTS 1-Oct-85","Threshold Level 0.426m",""
27/01/1977 00:00,0.680,5.78,"1a","CEH POTS 1-Oct-85","Threshold Level 0.426m",""
03/02/1977 00:00,0.500,3.61,"1a","CEH POTS 1-Oct-85","Threshold Level 0.426m",""
10/02/1977 00:00,1.130,12.57,"1a","CEH POTS 1-Oct-85","Threshold Level 0.426m, above 1.0m event.",""
23/02/1977 00:00,0.505,3.67,"1a","CEH POTS 1-Oct-85","Threshold Level 0.426m",""
11/01/1978 00:00,0.560,4.29,"1a","CEH POTS 1-Oct-85","Threshold Level 0.426m",""
28/01/1978 00:00,0.740,6.58,"1a","CEH POTS 1-Oct-85","Threshold Level 0.426m",""
01/02/1978 00:00,0.695,5.98,"1a","CEH POTS 1-Oct-85","Threshold Level 0.426m",""
04/02/1978 00:00,0.520,3.83,"1a","CEH POTS 1-Oct-85","Threshold Level 0.426m",""
23/02/1978 00:00,0.440,2.97,"1a","CEH POTS 1-Oct-85","Threshold Level 0.426m",""
05/05/1978 00:00,0.870,8.42,"1a","CEH POTS 1-Oct-85","Threshold Level 0.426m",""
29/06/1978 00:00,0.840,7.98,"1a","CEH POTS 1-Oct-85","Threshold Level 0.426m",""
15/12/1978 00:00,0.470,3.28,"1a","CEH POTS 1-Oct-85","Threshold Level 0.426m",""
24/12/1978 00:00,0.685,5.84,"1a","CEH POTS 1-Oct-85","Threshold Level 0.426m",""
27/12/1978 00:00,0.780,7.13,"1a","CEH POTS 1-Oct-85","Threshold Level 0.426m",""
28/12/1978 00:00,0.710,6.17,"1a","CEH POTS 1-Oct-85","Threshold Level 0.426m",""
29/12/1978 00:00,0.740,6.58,"1a","CEH POTS 1-Oct-85","Threshold Level 0.426m",""
18/03/1979 00:00,0.455,3.13,"1a","CEH POTS 1-Oct-85","Threshold Level 0.426m",""
28/03/1979 00:00,0.750,6.71,"1a","CEH POTS 1-Oct-85","Threshold Level 0.426m",""
30/05/1979 00:00,0.600,4.77,"1a","CEH POTS 1-Oct-85","Threshold Level 0.426m",""
14/12/1979 07:45,0.874,8.48,"1a","Digital Archive","",""
28/12/1979 03:30,0.647,5.36,"1a","Digital Archive","",""
04/01/1980 00:45,0.592,4.67,"1a","Digital Archive","",""
31/01/1980 16:30,0.629,5.13,"1a","Digital Archive","",""
05/02/1980 02:00,0.625,5.08,"1a","Digital Archive","Non-independent peak removed B",""
08/02/1980 11:15,0.718,6.28,"1a","Digital Archive","Non-independent peak removed B",""
12/03/1980 22:00,0.531,3.96,"1a","Digital Archive","",""
18/03/1980 11:45,0.497,3.58,"1a","Digital Archive","Non-independent peak removed B",""
16/08/1980 00:00,0.774,7.04,"1a","Digital Archive","",""
16/10/1980 17:00,0.753,6.75,"1a","Digital Archive","Non-independent peak removed A",""
27/10/1980 06:45,0.414,2.70,"1a","Digital Archive","",""
08/11/1980 02:30,0.418,2.75,"1a","Digital Archive","",""
15/11/1980 20:00,0.606,4.85,"1a","Digital Archive","Non-independent peak removed B",""
17/12/1980 19:00,0.541,4.07,"1a","Digital Archive","",""
13/01/1981 10:30,0.395,2.52,"1a","Digital Archive","",""
09/02/1981 23:15,0.794,7.33,"1a","Digital Archive","",""
11/03/1981 13:30,0.820,7.70,"1a","Digital Archive","Non-independent peak removed B",""
14/03/1981 05:00,0.703,6.08,"1a","Digital Archive","",""
11/04/1981 15:00,0.439,2.96,"1a","Digital Archive","",""
26/04/1981 20:30,1.174,13.33,"1a","Digital Archive","1 day at 1.2, drop rapidly to 0.4m",""
30/12/1981 18:30,0.720,6.31,"1a","Digital Archive","",""
03/01/1982 03:45,0.435,2.92,"1a","Digital Archive","",""
05/01/1982 19:15,0.595,4.71,"1a","Digital Archive","",""
07/03/1982 03:30,0.597,4.74,"1a","Digital Archive","",""
15/03/1982 23:15,0.549,4.17,"1a","Digital Archive","",""
22/06/1982 22:30,0.649,5.38,"1a","Digital Archive","",""
26/06/1982 01:00,0.685,5.84,"1a","Digital Archive","Non-independent peak removed A",""
03/10/1982 07:15,0.398,2.55,"1a","Digital Archive","",""
22/10/1982 15:30,0.428,2.85,"1a","Digital Archive","",""
14/11/1982 23:00,0.561,4.31,"1a","Digital Archive","",""
10/12/1982 05:15,0.726,6.39,"1a","Digital Archive","",""
19/12/1982 20:00,0.416,2.73,"1a","Digital Archive","",""
07/02/1983 07:45,0.416,2.73,"1a","Digital Archive","Non-independent peak removed B",""
24/03/1983 02:15,0.446,3.03,"1a","Digital Archive","",""
11/04/1983 15:00,0.541,4.07,"1a","Digital Archive","",""
20/04/1983 23:15,0.497,3.58,"1a","Digital Archive","",""
02/05/1983 05:00,0.620,5.02,"1a","Digital Archive","",""
01/06/1983 13:00,0.526,3.90,"1a","Digital Archive","",""
27/11/1983 09:45,0.451,3.08,"1a","Digital Archive","",""
09/12/1983 09:45,0.493,3.53,"1a","Digital Archive","",""
27/01/1984 22:00,0.458,3.16,"1a","Digital Archive","",""
02/02/1984 04:15,0.524,3.88,"1a","Digital Archive","",""
08/02/1984 10:45,0.522,3.86,"1a","Digital Archive","",""
24/03/1984 22:00,0.395,2.52,"1a","Digital Archive","",""
28/05/1984 02:45,0.504,3.65,"1a","Digital Archive","",""
03/08/1984 00:30,0.642,5.29,"1a","Digital Archive","",""
24/11/1984 03:00,0.448,3.05,"1a","Digital Archive","Non-independent peak removed B",""
21/01/1985 21:45,0.973,10.00,"1a","Digital Archive","below 1.0m event, steep rise, long recession .",""
30/01/1985 00:00,0.862,8.31,"1a","Digital Archive","",""
12/04/1985 01:45,0.402,2.59,"1a","Digital Archive","",""
14/04/1985 23:15,0.469,3.27,"1a","Digital Archive","",""
07/12/1985 01:45,0.774,7.04,"1a","Digital Archive","Non-independent peak removed B",""
24/12/1985 10:45,0.509,3.71,"1a","Digital Archive","Non-independent peak removed A",""
03/01/1986 04:15,0.448,3.05,"1a","Digital Archive","",""
10/01/1986 12:45,0.705,6.11,"1a","Digital Archive","",""
02/02/1986 21:30,0.654,5.44,"1a","Digital Archive","",""
20/04/1986 13:00,0.479,3.38,"1a","Digital Archive","",""
15/05/1986 08:00,0.407,2.64,"1a","Digital Archive","",""
21/05/1986 00:15,1.054,11.30,"1a","Digital Archive","above 1.0m event, stay 1 day high.",""
21/11/1986 11:30,0.607,4.86,"1a","Digital Archive","",""
13/12/1986 12:30,0.398,2.55,"1a","Digital Archive","",""
30/12/1986 18:30,0.814,7.61,"1a","Digital Archive","",""
01/01/1987 20:00,0.626,5.09,"1a","Digital Archive","",""
22/01/1987 18:00,0.532,3.97,"1a","Digital Archive","",""
27/02/1987 00:30,0.458,3.16,"1a","Digital Archive","",""
02/04/1987 00:15,0.615,4.96,"1a","Digital Archive","",""
24/08/1987 13:15,0.514,3.77,"1a","Digital Archive","",""
26/08/1987 22:00,0.409,2.66,"1a","Digital Archive","",""
11/10/1987 01:15,0.776,7.07,"1a","Digital Archive","",""
16/10/1987 10:45,0.788,7.24,"1a","Digital Archive","Non-independent peak removed B",""
02/01/1988 14:15,0.764,6.91,"1a","Digital Archive","",""
04/01/1988 11:30,0.485,3.45,"1a","Digital Archive","",""
06/01/1988 09:45,0.544,4.11,"1a","Digital Archive","",""
24/01/1988 12:00,0.939,9.47,"1a","Digital Archive","",""
29/01/1988 20:45,0.824,7.75,"1a","Digital Archive","",""
14/03/1988 00:15,0.409,2.66,"1a","Digital Archive","",""
15/03/1988 20:15,0.574,4.46,"1a","Digital Archive","",""
23/03/1988 02:30,0.512,3.74,"1a","Digital Archive","",""
20/10/1988 14:30,0.432,2.89,"1a","Digital Archive","",""
15/12/1989 02:30,0.416,2.73,"1a","Digital Archive","",""
19/12/1989 02:15,0.476,3.35,"1a","Digital Archive","",""
07/02/1990 21:15,0.463,3.21,"1a","Digital Archive","",""
28/02/1991 11:15,0.423,2.80,"1a","Digital Archive","",""
09/01/1992 11:15,0.412,2.69,"1a","Digital Archive","",""
03/10/1992 06:00,0.405,2.62,"1a","Digital Archive","",""
11/11/1992 14:30,0.423,2.80,"1a","Digital Archive","",""
15/11/1992 16:00,0.407,2.64,"1a","Digital Archive","",""
22/11/1992 20:30,0.419,2.76,"1a","Digital Archive","",""
07/12/1992 08:15,0.638,5.24,"1a","Digital Archive","",""
12/12/1992 01:00,0.449,3.06,"1a","Digital Archive","",""
13/01/1993 21:30,0.883,8.62,"1a","Digital Archive","",""
10/04/1993 01:00,0.580,4.53,"1a","Digital Archive","",""
25/04/1993 11:45,0.615,4.96,"1a","Digital Archive","",""
15/09/1993 13:30,0.490,3.50,"1a","Digital Archive","",""
28/09/1993 04:15,0.407,2.64,"1a","Digital Archive","",""
12/10/1993 20:30,1.001,10.44,"1a","Digital Archive","at1.0m event, stay 1 day high.",""
14/11/1993 04:45,0.814,7.61,"1a","Digital Archive","",""
30/11/1993 08:30,0.435,2.92,"1a","Digital Archive","",""
13/12/1993 00:45,0.760,6.85,"1a","Digital Archive","",""
21/12/1993 06:00,0.402,2.59,"1a","Digital Archive","",""
05/01/1994 17:00,0.811,7.57,"1a","Digital Archive","Non-independent peak removed",""
10/01/1994 07:30,0.500,3.61,"1a","Digital Archive","",""
13/01/1994 00:00,0.726,6.39,"1a","Digital Archive","",""
03/02/1994 19:30,0.509,3.71,"1a","Digital Archive","",""
26/02/1994 07:45,0.541,4.07,"1a","Digital Archive","",""
15/09/1994 09:30,0.517,3.80,"1a","Digital Archive","",""
12/11/1994 23:00,0.421,2.78,"1a","Digital Archive","",""
18/12/1994 11:45,0.437,2.94,"1a","Digital Archive","",""
28/12/1994 03:15,0.405,2.62,"1a","Digital Archive","",""
11/01/1995 00:30,0.685,5.84,"1a","Digital Archive","",""
26/01/1995 04:45,0.615,4.96,"1a","Digital Archive","",""
28/01/1995 11:00,0.603,4.81,"1a","Digital Archive","",""
11/02/1995 20:45,0.526,3.90,"1a","Digital Archive","Non-independent peak removed B",""
09/01/1996 11:30,0.582,4.55,"1a","Digital Archive","",""
12/02/1996 11:15,0.441,2.98,"1a","Digital Archive","",""
03/12/1996 16:15,0.409,2.66,"1a","Digital Archive","",""
20/12/1996 06:00,0.720,6.31,"1a","Digital Archive","",""
13/08/1997 14:45,0.435,2.92,"1a","Digital Archive","",""
19/12/1997 19:15,0.684,5.83,"1a","Digital Archive","",""
24/12/1997 02:15,0.515,3.78,"1a","Digital Archive","Non-independent peak removed A",""
02/01/1998 16:45,0.806,7.50,"1a","Digital Archive","Non-independent peak removed A",""
05/01/1998 21:00,0.628,5.12,"1a","Digital Archive","",""
18/01/1998 23:45,0.721,6.32,"1a","Digital Archive","",""
06/03/1998 23:45,0.430,2.87,"1a","Digital Archive","",""
10/04/1998 11:30,0.649,5.38,"1a","Digital Archive","Non-independent peak removed A",""
15/04/1998 16:00,0.398,2.55,"1a","Digital Archive","",""
20/04/1998 23:15,0.504,3.65,"1a","Digital Archive","",""
24/10/1998 22:30,0.569,4.40,"1a","Digital Archive","",""
03/11/1998 02:00,0.414,2.70,"1a","Digital Archive","",""
08/12/1998 22:00,0.400,2.57,"1a","Digital Archive","",""
11/12/1998 03:30,0.458,3.16,"1a","Digital Archive","",""
14/12/1998 04:15,0.546,4.13,"1a","Digital Archive","Non-independent peak removed B",""
25/12/1998 22:30,0.754,6.77,"1a","Digital Archive","",""
04/01/1999 11:15,0.437,2.94,"1a","Digital Archive","",""
08/01/1999 00:00,0.425,2.82,"1a","Digital Archive","",""
16/01/1999 08:45,0.843,8.03,"1a","Digital Archive","",""
20/01/1999 13:30,0.404,2.61,"1a","Digital Archive","",""
28/01/1999 10:00,0.426,2.83,"1a","Digital Archive","",""
09/03/1999 21:15,0.643,5.30,"1a","Digital Archive","",""
08/06/1999 13:45,0.411,2.68,"1a","Digital Archive","",""
02/10/1999 10:30,0.514,3.77,"1a","Digital Archive","",""
25/10/1999 11:45,0.426,2.83,"1a","Digital Archive","",""
11/12/1999 21:45,0.416,2.73,"1a","Digital Archive","",""
25/12/1999 07:15,0.526,3.90,"1a","Digital Archive","",""
28/02/2000 07:15,0.423,2.80,"1a","Digital Archive","",""
04/04/2000 00:30,0.893,8.77,"1a","Digital Archive","",""
12/04/2000 12:30,0.588,4.63,"1a","Digital Archive","Non-independent peak removed A",""
19/04/2000 03:45,0.398,2.55,"1a","Digital Archive","",""
26/04/2000 11:15,0.500,3.61,"1a","Digital Archive","",""
28/05/2000 14:30,0.746,6.66,"1a","Digital Archive","Non-independent peak removed B",""
20/09/2000 07:00,0.435,2.92,"1a","Digital Archive","",""
28/09/2000 07:15,0.418,2.75,"1a","Digital Archive","",""
30/10/2000 11:00,0.690,5.91,"1a","Digital Archive","",""
07/11/2000 04:15,0.727,6.40,"1a","Digital Archive","Non-independent peak removed",""
24/11/2000 02:45,0.652,5.42,"1a","Digital Archive","",""
25/11/2000 22:15,0.565,4.35,"1a","Digital Archive","",""
08/12/2000 05:15,0.485,3.45,"1a","Digital Archive","",""
25/12/2000 03:00,0.418,2.75,"1a","Digital Archive","",""
01/01/2001 11:45,0.486,3.46,"1a","Digital Archive","",""
04/01/2001 18:30,0.800,7.41,"1a","Digital Archive","",""
05/02/2001 00:45,0.875,8.50,"1a","Digital Archive","Non-independent peak removed",""
28/03/2001 20:45,0.414,2.70,"1a","Digital Archive","",""
05/04/2001 19:45,0.497,3.58,"1a","Digital Archive","Non-independent peak removed",""
28/04/2001 09:15,0.574,4.46,"1a","Digital Archive","",""
17/05/2001 00:30,0.456,3.14,"1a","Digital Archive","",""
18/07/2001 16:00,0.462,3.20,"1a","Digital Archive","",""
19/09/2001 10:45,0.409,2.66,"1a","Digital Archive","",""
29/09/2001 19:45,0.451,3.08,"1a","Digital Archive","",""
21/10/2001 13:15,0.467,3.25,"1a","Digital Archive","",""
26/10/2001 19:15,0.451,3.08,"1a","Digital Archive","",""
09/11/2001 17:45,0.439,2.96,"1a","Digital Archive","",""
26/01/2002 18:00,0.488,3.48,"1a","Digital Archive","",""
16/10/2002 06:15,0.577,4.49,"1a","Digital Archive","",""
03/11/2002 06:00,0.541,4.07,"1a","Digital Archive","",""
06/11/2002 16:30,0.750,6.71,"1a","Digital Archive","",""
08/11/2002 21:00,0.833,7.88,"1a","Digital Archive","",""
10/11/2002 16:00,0.456,3.14,"1a","Digital Archive","",""
12/11/2002 18:00,0.462,3.20,"1a","Digital Archive","",""
01/12/2002 18:30,0.437,2.94,"1a","Digital Archive","",""
04/12/2002 17:15,0.446,3.03,"1a","Digital Archive","",""
22/12/2002 10:00,0.772,7.02,"1a","Digital Archive","",""
30/12/2002 03:30,0.852,8.16,"1a","Digital Archive","",""
01/01/2003 14:30,0.700,6.04,"1a","Digital Archive","",""
19/01/2003 14:00,0.778,7.10,"1a","Digital Archive","",""
29/01/2003 18:00,0.771,7.00,"1a","Digital Archive","",""
02/02/2003 21:15,0.546,4.13,"1a","Digital Archive","",""
30/06/2003 21:45,0.469,3.27,"1a","Digital Archive","",""
26/11/2003 19:00,0.309,1.73,"1a","Digital Archive","Series used : 030004SG,030004SG,",""
13/12/2003 01:45,0.364,2.22,"1a","Digital Archive","Series used : 030004SG,030004SG,",""
20/12/2003 21:00,0.498,3.59,"1a","Digital Archive","Series used : 030004SG,030004SG,",""
01/01/2004 20:00,0.380,2.37,"1a","Digital Archive","Series used : 030004SG,030004SG,",""
16/01/2004 12:00,0.395,2.52,"1a","Digital Archive","Series used : 030004SG,030004SG,",""
31/01/2004 14:30,0.874,8.48,"1a","Digital Archive","Series used : 030004SG,030004SG,",""
08/02/2004 13:00,0.357,2.16,"1a","Digital Archive","Series used : 030004SG,030004SG,",""
19/04/2004 03:00,0.512,3.74,"1a","Digital Archive","Series used : 030004SG,030004SG,",""
29/04/2004 09:15,0.555,4.24,"1a","Digital Archive","Series used : 030004SG,030004SG,",""
04/05/2004 14:45,0.292,1.59,"1a","Digital Archive","Series used : 030004SG,030004SG,",""
23/07/2004 01:45,0.530,3.95,"1a","Digital Archive","Series used : 030004SG,030004SG,",""
13/08/2004 02:15,0.353,2.12,"1a","Digital Archive","Series used : 030004SG,030004SG,",""
04/10/2004 19:30,0.325,1.87,"1a","Digital Archive","Series used : 030004SG,030004SG,",""
20/10/2004 17:30,0.375,2.33,"1a","Digital Archive","Series used : 030004SG,030004SG,",""
24/10/2004 01:30,0.695,5.98,"1a","Digital Archive","Series used : 030004SG,030004SG,",""
29/10/2004 17:00,0.287,1.54,"1a","Digital Archive","Series used : 030004SG,030004SG,",""
19/11/2004 02:15,0.422,2.79,"1a","Digital Archive","Series used : 030004SG,030004SG,",""
12/02/2005 11:30,0.321,1.83,"1a","Digital Archive","Series used : 030004SG,030004SG,",""
21/02/2005 18:30,0.351,2.10,"1a","Digital Archive","Series used : 030004SG,030004SG,",""
24/02/2005 19:15,0.511,3.73,"1a","Digital Archive","Series used : 030004SG,030004SG,",""
02/03/2005 17:45,0.324,1.86,"1a","Digital Archive","Series used : 030004SG,030004SG,",""
04/03/2005 18:45,0.379,2.36,"1a","Digital Archive","Series used : 030004SG,030004SG,",""
11/09/2005 03:15,0.298,1.64,"1a","Digital Archive","Series used : 030004SG,030004SG,",""
24/10/2005 17:30,0.497,3.58,"1a","Digital Archive","Series used : 030004SG,030004SG,",""
27/11/2005 11:00,0.280,1.49,"1a","Digital Archive","Series used : 030004SG,030004SG,",""
31/12/2005 22:45,0.430,2.87,"1a","Digital Archive","Series used : 030004SG,030004SG,",""
10/01/2006 23:45,0.280,1.49,"1a","Digital Archive","Series used : 030004SG,030004SG,",""
17/01/2006 07:15,0.375,2.33,"1a","Digital Archive","Series used : 030004SG,030004SG,",""
15/02/2006 09:00,0.403,2.60,"1a","Digital Archive","Series used : 030004SG,030004SG,",""
08/03/2006 21:15,0.391,2.48,"1a","Digital Archive","Series used : 030004SG,030004SG,",""
30/03/2006 09:15,0.353,2.12,"1a","Digital Archive","Series used : 030004SG,030004SG,",""
07/05/2006 08:30,0.360,2.18,"1a","Digital Archive","Series used : 030004SG,030004SG,",""
18/05/2006 01:30,0.298,1.64,"1a","Digital Archive","Series used : 030004SG,030004SG,",""
20/05/2006 09:30,0.479,3.38,"1a","Digital Archive","Series used : 030004SG,030004SG,",""
22/05/2006 20:00,0.644,5.32,"1a","Digital Archive","Series used : 030004SG,030004SG,",""
11/02/2007 13:00,0.600,4.77,"1a","030004.SG.HiUKPOT","",""
28/05/2007 12:45,0.427,2.84,"1a","030004.SG.HiUKPOT","",""
15/06/2007 14:30,0.545,4.12,"1a","030004.SG.HiUKPOT","",""
20/06/2007 10:15,0.578,4.51,"1a","030004.SG.HiUKPOT","",""
25/06/2007 14:45,1.101,12.08,"1a","030004.SG.HiUKPOT","",""
01/07/2007 09:45,0.443,3.00,"1a","030004.SG.HiUKPOT","",""
21/07/2007 05:45,1.089,11.88,"1a","030004.SG.HiUKPOT","",""
26/07/2007 21:45,0.567,4.38,"1a","030004.SG.HiUKPOT","",""
20/08/2007 02:45,0.469,3.27,"1a","030004.SG.HiUKPOT","",""
12/01/2008 03:45,0.510,3.72,"1a","030004.SG.HiUKPOT","",""
16/01/2008 09:30,0.948,9.61,"1a","030004.SG.HiUKPOT","",""
21/01/2008 13:30,0.776,7.07,"1a","030004.SG.HiUKPOT","",""
16/03/2008 12:00,0.779,7.11,"1a","030004.SG.HiUKPOT","",""
02/11/2008 18:15,0.759,6.84,"1a","030004.SG.HiUKPOT","",""
10/11/2008 07:45,0.441,2.98,"1a","030004.SG.HiUKPOT","",""
04/12/2008 20:15,0.418,2.75,"1a","030004.SG.HiUKPOT","",""
14/12/2008 03:15,0.542,4.08,"1a","030004.SG.HiUKPOT","",""
19/01/2009 15:45,0.501,3.62,"1a","030004.SG.HiUKPOT","",""
22/01/2009 18:00,0.426,2.83,"1a","030004.SG.HiUKPOT","",""
03/02/2009 10:00,0.501,3.62,"1a","030004.SG.HiUKPOT","",""
10/02/2009 10:15,0.695,5.98,"1a","030004.SG.HiUKPOT","",""
29/11/2009 15:30,0.427,2.84,"1a","030004.SG.HiUKPOT","",""
06/12/2009 16:45,0.540,4.06,"1a","030004.SG.HiUKPOT","",""
16/01/2010 19:45,0.499,3.60,"1a","030004.SG.HiUKPOT","",""
22/01/2010 20:15,0.711,6.19,"1a","030004.SG.HiUKPOT","",""
26/02/2010 21:45,0.680,5.78,"1a","030004.SG.HiUKPOT","",""
28/02/2010 16:15,0.487,3.47,"1a","030004.SG.HiUKPOT","",""
11/12/2010 17:45,0.505,3.67,"1a","030004.SG.HiUKPOT","",""
16/12/2010 19:15,0.444,3.01,"1a","030004.SG.HiUKPOT","",""
13/01/2011 10:30,0.431,2.88,"1a","030004.SG.HiUKPOT","",""
26/02/2011 09:15,0.486,3.46,"1a","030004.SG.HiUKPOT","",""
18/03/2012 15:15,0.419,2.76,"1a","030004.SG.HiUKPOT","",""
05/04/2012 00:45,0.692,5.94,"1a","030004.SG.HiUKPOT","",""
29/04/2012 20:45,0.693,5.95,"1a","030004.SG.HiUKPOT","",""
24/06/2012 15:30,0.473,3.32,"1a","030004.SG.HiUKPOT","",""
29/06/2012 04:15,0.654,5.44,"1a","030004.SG.HiUKPOT","",""
10/07/2012 21:30,0.421,2.78,"1a","030004.SG.HiUKPOT","",""
21/11/2012 20:30,0.616,4.97,"1a","Digital Archive","",""
25/11/2012 10:45,0.691,5.92,"1a","Digital Archive","",""
15/12/2012 02:15,0.815,7.62,"1a","Digital Archive","",""
21/12/2012 01:45,0.947,9.59,"1a","Digital Archive","",""
24/12/2012 19:45,0.865,8.35,"1a","Digital Archive","",""
29/12/2012 20:15,0.485,3.45,"1a","Digital Archive","",""
27/01/2013 15:15,0.966,9.89,"1a","Digital Archive","",""
14/02/2013 13:30,0.715,6.24,"1a","Digital Archive","",""
10/03/2013 04:00,0.430,2.87,"1a","Digital Archive","",""
18/03/2013 01:45,0.477,3.36,"1a","Digital Archive","",""
28/10/2013 16:15,0.425,2.82,"1a","Digital Archive","",""
26/01/2014 20:15,0.457,3.15,"1a","Digital Archive","",""
24/05/2014 18:30,0.568,4.39,"1a","Digital Archive","",""
29/05/2014 13:15,0.517,3.80,"1a","Digital Archive","",""
10/06/2014 00:15,0.508,3.70,"1a","Digital Archive","",""
14/10/2014 06:45,0.476,3.35,"1a","Digital Archive","",""
25/10/2014 01:45,0.433,2.90,"1a","Digital Archive","",""
27/12/2014 13:45,0.788,7.24,"1a","Digital Archive","",""
03/01/2016 23:30,0.528,3.92,"1a","Digital Archive","",""
07/01/2016 17:30,0.780,7.13,"1a","Digital Archive","",""
11/01/2016 13:45,0.496,3.57,"1a","Digital Archive","",""
08/02/2016 23:00,0.429,2.86,"1a","Digital Archive","",""
04/03/2016 08:30,0.611,4.91,"1a","Digital Archive","",""
09/03/2016 14:00,0.906,8.96,"1a","Digital Archive","",""
16/04/2016 10:15,0.571,4.42,"1a","Digital Archive","",""
