"NAME:","Nene at Wansford"
"NUMBER:","32010"
"DATE","STAGE (m)","FLOW (m^3/s)","RATING","SOURCE","COMMENT","AMAX ONLY"
20/10/1939 00:00,2.020,99.68,"3g","CEH POTS 6-3-73","CEH Datum 0.3048 subtracted. Threshold 0.914 applied",""
27/11/1939 00:00,1.430,62.12,"3e","CEH POTS 6-3-73","CEH Datum 0.3048 subtracted. Threshold 0.914 applied",""
09/12/1939 00:00,1.430,62.12,"3e","CEH POTS 6-3-73","CEH Datum 0.3048 subtracted. Threshold 0.914 applied",""
09/02/1940 00:00,2.620,179.82,"3g","CEH POTS 6-3-73","CEH Datum 0.3048 subtracted. Threshold 0.914 applied",""
23/02/1940 00:00,2.050,103.02,"3g","CEH POTS 6-3-73","CEH Datum 0.3048 subtracted. Threshold 0.914 applied",""
20/03/1940 00:00,1.510,66.14,"3e","CEH POTS 6-3-73","CEH Datum 0.3048 subtracted. Threshold 0.914 applied",""
24/11/1940 00:00,1.590,69.81,"3f","CEH POTS 6-3-73","CEH Datum 0.3048 subtracted. Threshold 0.914 applied",""
28/01/1941 00:00,1.830,80.07,"3f","CEH POTS 6-3-73","CEH Datum 0.3048 subtracted. Threshold 0.914 applied",""
11/02/1941 00:00,1.130,48.03,"3d","CEH POTS 6-3-73","CEH Datum 0.3048 subtracted. Threshold 0.914 applied",""
10/03/1941 00:00,1.920,89.03,"3g","CEH POTS 6-3-73","CEH Datum 0.3048 subtracted. Threshold 0.914 applied",""
26/03/1941 00:00,1.050,44.63,"3d","CEH POTS 6-3-73","CEH Datum 0.3048 subtracted. Threshold 0.914 applied",""
04/04/1941 00:00,0.960,40.87,"3d","CEH POTS 6-3-73","CEH Datum 0.3048 subtracted. Threshold 0.914 applied",""
27/01/1942 00:00,1.490,65.13,"3e","CEH POTS 6-3-73","CEH Datum 0.3048 subtracted. Threshold 0.914 applied",""
07/02/1942 00:00,1.490,65.13,"3e","CEH POTS 6-3-73","CEH Datum 0.3048 subtracted. Threshold 0.914 applied",""
06/03/1942 00:00,1.070,45.47,"3d","CEH POTS 6-3-73","CEH Datum 0.3048 subtracted. Threshold 0.914 applied",""
03/02/1943 00:00,1.720,75.34,"3f","CEH POTS 6-3-73","CEH Datum 0.3048 subtracted. Threshold 0.914 applied",""
04/04/1944 00:00,0.490,21.53,"3b","CEH POTS 6-3-73","CEH Datum 0.3048 subtracted. Threshold 0.914 applied",""
05/04/1944 00:00,,14.32,"3a","CEH POTS 6-3-73","CEH Datum 0.3048 subtracted. Threshold 0.914 applied Estimate",""
04/02/1945 00:00,1.350,58.17,"3e","CEH POTS 6-3-73","CEH Datum 0.3048 subtracted. Threshold 0.914 applied",""
14/02/1945 00:00,1.080,45.90,"3d","CEH POTS 6-3-73","CEH Datum 0.3048 subtracted. Threshold 0.914 applied",""
31/12/1945 00:00,,38.61,"3a","FEH","","AMAX ONLY"
19/11/1946 00:00,1.320,56.71,"3e","CEH POTS 6-3-73","CEH Datum 0.3048 subtracted. Threshold 0.914 applied",""
01/12/1946 00:00,1.490,65.13,"3e","CEH POTS 6-3-73","CEH Datum 0.3048 subtracted. Threshold 0.914 applied",""
12/12/1946 00:00,1.090,46.32,"3d","CEH POTS 6-3-73","CEH Datum 0.3048 subtracted. Threshold 0.914 applied",""
14/01/1947 00:00,1.400,60.63,"3e","CEH POTS 6-3-73","CEH Datum 0.3048 subtracted. Threshold 0.914 applied",""
18/03/1947 00:00,,255.00,"3a","CEH POTS 6-3-73","CEH Value estimated by slope/area calculation by RA.",""
01/04/1947 00:00,1.190,50.61,"3d","CEH POTS 6-3-73","CEH Datum 0.3048 subtracted. Threshold 0.914 applied",""
31/01/1948 00:00,0.670,28.53,"3c","CEH POTS 6-3-73","CEH Datum 0.3048 subtracted. Threshold 0.914 applied",""
17/12/1948 00:00,1.030,43.79,"3d","CEH POTS 6-3-73","CEH Datum 0.3048 subtracted. Threshold 0.914 applied",""
03/01/1949 00:00,1.140,48.46,"3d","CEH POTS 6-3-73","CEH Datum 0.3048 subtracted. Threshold 0.914 applied",""
13/02/1950 00:00,1.440,62.62,"3e","CEH POTS 6-3-73","CEH Datum 0.3048 subtracted. Threshold 0.914 applied",""
24/11/1950 00:00,1.120,47.60,"3d","CEH POTS 6-3-73","CEH Datum 0.3048 subtracted. Threshold 0.914 applied",""
08/01/1951 00:00,1.630,71.51,"3f","CEH POTS 6-3-73","CEH Datum 0.3048 subtracted. Threshold 0.914 applied",""
20/02/1951 00:00,1.440,62.62,"3e","CEH POTS 6-3-73","CEH Datum 0.3048 subtracted. Threshold 0.914 applied",""
17/03/1951 00:00,1.170,49.75,"3d","CEH POTS 6-3-73","CEH Datum 0.3048 subtracted. Threshold 0.914 applied",""
25/03/1951 00:00,1.220,33.72,"3d","CEH POTS 6-3-73","CEH Datum 0.3048 subtracted. Threshold 0.914 applied",""
12/04/1951 00:00,1.600,70.23,"3f","CEH POTS 6-3-73","CEH Datum 0.3048 subtracted. Threshold 0.914 applied",""
08/05/1951 00:00,0.970,41.28,"3d","CEH POTS 6-3-73","CEH Datum 0.3048 subtracted. Threshold 0.914 applied",""
28/11/1951 00:00,1.010,42.95,"3d","CEH POTS 6-3-73","CEH Datum 0.3048 subtracted. Threshold 0.914 applied",""
01/01/1952 00:00,1.160,49.32,"3d","CEH POTS 6-3-73","CEH Datum 0.3048 subtracted. Threshold 0.914 applied",""
13/03/1952 00:00,1.260,53.82,"3e","CEH POTS 6-3-73","CEH Datum 0.3048 subtracted. Threshold 0.914 applied",""
09/04/1952 00:00,0.920,39.22,"3d","CEH POTS 6-3-73","CEH Datum 0.3048 subtracted. Threshold 0.914 applied",""
23/12/1952 00:00,1.240,52.87,"3e","CEH POTS 6-3-73","CEH Datum 0.3048 subtracted. Threshold 0.914 applied",""
14/02/1953 00:00,1.260,53.82,"3e","CEH POTS 6-3-73","CEH Datum 0.3048 subtracted. Threshold 0.914 applied",""
20/02/1954 00:00,,47.83,"3a","CEH POTS 6-3-73","Datum 0.3048 Threshold 0.914 applied, Clock fault RA estimate",""
13/11/1954 00:00,1.210,51.48,"3d","CEH POTS 6-3-73","CEH Datum 0.3048 subtracted. Threshold 0.914 applied",""
29/11/1954 00:00,1.830,80.07,"3f","CEH POTS 6-3-73","CEH Datum 0.3048 subtracted. Threshold 0.914 applied",""
11/12/1954 00:00,1.680,73.63,"3f","CEH POTS 6-3-73","CEH Datum 0.3048 subtracted. Threshold 0.914 applied",""
11/01/1955 00:00,0.970,41.28,"3d","CEH POTS 6-3-73","CEH Datum 0.3048 subtracted. Threshold 0.914 applied",""
18/01/1955 00:00,1.020,43.37,"3d","CEH POTS 6-3-73","CEH Datum 0.3048 subtracted. Threshold 0.914 applied",""
24/01/1955 00:00,1.210,51.48,"3d","CEH POTS 6-3-73","CEH Datum 0.3048 subtracted. Threshold 0.914 applied",""
29/03/1955 00:00,1.630,71.51,"3f","CEH POTS 6-3-73","CEH Datum 0.3048 subtracted. Threshold 0.914 applied",""
18/05/1955 00:00,0.940,40.04,"3d","CEH POTS 6-3-73","CEH Datum 0.3048 subtracted. Threshold 0.914 applied",""
31/01/1956 00:00,1.140,48.46,"3d","CEH POTS 6-3-73","CEH Datum 0.3048 subtracted. Threshold 0.914 applied",""
31/12/1956 00:00,1.090,46.32,"3d","CEH POTS 6-3-73","CEH Datum 0.3048 subtracted. Threshold 0.914 applied",""
14/02/1957 00:00,0.930,39.63,"3d","CEH POTS 6-3-73","CEH Datum 0.3048 subtracted. Threshold 0.914 applied",""
05/11/1957 00:00,1.080,45.90,"3d","CEH POTS 6-3-73","CEH Datum 0.3048 subtracted. Threshold 0.914 applied",""
14/12/1957 00:00,1.010,42.95,"3d","CEH POTS 6-3-73","CEH Datum 0.3048 subtracted. Threshold 0.914 applied",""
25/12/1957 00:00,0.980,41.70,"3d","CEH POTS 6-3-73","CEH Datum 0.3048 subtracted. Threshold 0.914 applied",""
07/01/1958 00:00,1.070,45.47,"3d","CEH POTS 6-3-73","CEH Datum 0.3048 subtracted. Threshold 0.914 applied",""
01/02/1958 00:00,1.270,54.30,"3e","CEH POTS 6-3-73","CEH Datum 0.3048 subtracted. Threshold 0.914 applied",""
12/02/1958 00:00,1.170,49.75,"3d","CEH POTS 6-3-73","CEH Datum 0.3048 subtracted. Threshold 0.914 applied",""
28/02/1958 00:00,1.550,68.12,"3f","CEH POTS 6-3-73","CEH Datum 0.3048 subtracted. Threshold 0.914 applied",""
31/03/1958 00:00,0.970,41.28,"3d","CEH POTS 6-3-73","CEH Datum 0.3048 subtracted. Threshold 0.914 applied",""
27/06/1958 00:00,1.230,52.40,"3e","CEH POTS 6-3-73","CEH Datum 0.3048 subtracted. Threshold 0.914 applied",""
06/07/1958 00:00,1.450,63.12,"3e","CEH POTS 6-3-73","CEH Datum 0.3048 subtracted. Threshold 0.914 applied",""
04/11/1958 00:00,0.910,38.83,"3c","CEH POTS 6-3-73","CEH Datum 0.3048 subtracted. Threshold 0.914 applied",""
20/12/1958 00:00,0.940,40.04,"3d","CEH POTS 6-3-73","CEH Datum 0.3048 subtracted. Threshold 0.914 applied",""
09/01/1959 00:00,2.010,98.58,"3g","CEH POTS 6-3-73","CEH Datum 0.3048 subtracted. Threshold 0.914 applied",""
23/01/1959 00:00,1.920,89.03,"3g","CEH POTS 6-3-73","CEH Datum 0.3048 subtracted. Threshold 0.914 applied",""
10/03/1959 00:00,1.120,47.60,"3d","CEH POTS 6-3-73","CEH Datum 0.3048 subtracted. Threshold 0.914 applied",""
02/02/1960 00:00,1.440,62.62,"3e","CEH POTS 6-3-73","CEH Datum 0.3048 subtracted. Threshold 0.914 applied",""
24/10/1960 00:00,1.130,48.03,"3d","CEH POTS 6-3-73","CEH Datum 0.3048 subtracted. Threshold 0.914 applied",""
03/11/1960 00:00,1.700,74.49,"3f","CEH POTS 6-3-73","CEH Datum 0.3048 subtracted. Threshold 0.914 applied",""
20/11/1960 00:00,1.190,50.61,"3d","CEH POTS 6-3-73","CEH Datum 0.3048 subtracted. Threshold 0.914 applied",""
29/11/1960 00:00,1.220,33.72,"3d","CEH POTS 6-3-73","CEH Datum 0.3048 subtracted. Threshold 0.914 applied",""
07/12/1960 00:00,1.360,58.66,"3e","CEH POTS 6-3-73","CEH Datum 0.3048 subtracted. Threshold 0.914 applied",""
23/12/1960 00:00,1.510,66.14,"3e","CEH POTS 6-3-73","CEH Datum 0.3048 subtracted. Threshold 0.914 applied",""
12/01/1961 00:00,0.960,40.87,"3d","CEH POTS 6-3-73","CEH Datum 0.3048 subtracted. Threshold 0.914 applied",""
31/12/1961 00:00,1.080,45.90,"3d","CEH POTS 6-3-73","CEH Datum 0.3048 subtracted. Threshold 0.914 applied",""
09/01/1962 00:00,0.990,42.11,"3d","CEH POTS 6-3-73","CEH Datum 0.3048 subtracted. Threshold 0.914 applied",""
12/01/1962 00:00,1.090,46.32,"3d","CEH POTS 6-3-73","CEH Datum 0.3048 subtracted. Threshold 0.914 applied",""
09/03/1963 00:00,1.120,47.60,"3d","CEH POTS 6-3-73","CEH Datum 0.3048 subtracted. Threshold 0.914 applied",""
30/03/1963 00:00,1.240,52.87,"3e","CEH POTS 6-3-73","CEH Datum 0.3048 subtracted. Threshold 0.914 applied",""
19/11/1963 00:00,0.920,39.22,"3d","CEH POTS 6-3-73","CEH Datum 0.3048 subtracted. Threshold 0.914 applied",""
17/03/1964 00:00,1.440,62.62,"3e","CEH POTS 6-3-73","CEH Datum 0.3048 subtracted. Threshold 0.914 applied",""
25/03/1964 00:00,1.090,46.32,"3d","CEH POTS 6-3-73","CEH Datum 0.3048 subtracted. Threshold 0.914 applied",""
22/03/1965 00:00,0.830,34.43,"66a","CEH POTS 6-3-73","CEH Datum 0.3048 subtracted. Threshold 0.914 applied",""
10/12/1965 00:00,1.120,46.84,"66a","CEH POTS 6-3-73","CEH Datum 0.3048 subtracted. Threshold 0.914 applied",""
22/12/1965 00:00,1.310,56.37,"66b","CEH POTS 6-3-73","CEH Datum 0.3048 subtracted. Threshold 0.914 applied",""
23/02/1966 00:00,1.340,58.35,"66b","CEH POTS 6-3-73","CEH Datum 0.3048 subtracted. Threshold 0.914 applied",""
20/04/1966 00:00,1.190,48.88,"66b","CEH POTS 6-3-73","CEH Datum 0.3048 subtracted. Threshold 0.914 applied",""
15/10/1966 00:00,0.970,40.17,"66a","CEH POTS 6-3-73","CEH Datum 0.3048 subtracted. Threshold 0.914 applied",""
14/12/1966 00:00,1.370,60.38,"66b","CEH POTS 6-3-73","CEH Datum 0.3048 subtracted. Threshold 0.914 applied",""
21/02/1967 00:00,1.060,44.10,"66a","CEH POTS 6-3-73","CEH Datum 0.3048 subtracted. Threshold 0.914 applied",""
28/02/1967 00:00,1.150,48.23,"66a","CEH POTS 6-3-73","CEH Datum 0.3048 subtracted. Threshold 0.914 applied",""
10/03/1967 00:00,1.120,46.84,"66a","CEH POTS 6-3-73","CEH Datum 0.3048 subtracted. Threshold 0.914 applied",""
11/04/1967 00:00,1.050,43.66,"66a","CEH POTS 6-3-73","CEH Datum 0.3048 subtracted. Threshold 0.914 applied",""
18/05/1967 00:00,1.730,88.13,"66b","CEH POTS 6-3-73","CEH Datum 0.3048 subtracted. Threshold 0.914 applied",""
24/12/1967 00:00,,44.00,"66a","CEH POTS 6-3-73","CEH Datum 0.3048 subtracted. Threshold 0.914 applied",""
17/01/1968 00:00,1.210,50.08,"66b","CEH POTS 6-3-73","CEH Datum 0.3048 subtracted. Threshold 0.914 applied",""
12/07/1968 00:00,1.410,63.14,"66b","CEH POTS 6-3-73","CEH Datum 0.3048 subtracted. Threshold 0.914 applied",""
09/08/1968 00:00,1.020,42.33,"66a","CEH POTS 6-3-73","CEH Datum 0.3048 subtracted. Threshold 0.914 applied",""
02/09/1968 00:00,1.060,44.10,"66a","CEH POTS 6-3-73","CEH Datum 0.3048 subtracted. Threshold 0.914 applied",""
17/09/1968 00:00,1.270,53.80,"66b","CEH POTS 6-3-73","CEH Datum 0.3048 subtracted. Threshold 0.914 applied",""
09/10/1968 00:00,1.050,43.66,"66a","CEH POTS 6-3-73","CEH Datum 0.3048 subtracted. Threshold 0.914 applied",""
06/11/1968 00:00,1.410,63.14,"66b","CEH POTS 6-3-73","CEH Datum 0.3048 subtracted. Threshold 0.914 applied",""
28/11/1968 00:00,0.980,40.60,"66a","CEH POTS 6-3-73","CEH Datum 0.3048 subtracted. Threshold 0.914 applied",""
22/12/1968 00:00,1.090,45.46,"66a","CEH POTS 6-3-73","CEH Datum 0.3048 subtracted. Threshold 0.914 applied",""
17/01/1969 00:00,1.430,64.55,"66b","CEH POTS 6-3-73","CEH Datum 0.3048 subtracted. Threshold 0.914 applied",""
12/02/1969 00:00,1.170,49.18,"66a","CEH POTS 6-3-73","CEH Datum 0.3048 subtracted. Threshold 0.914 applied",""
26/02/1969 00:00,1.480,68.17,"66b","CEH POTS 6-3-73","CEH Datum 0.3048 subtracted. Threshold 0.914 applied",""
16/03/1969 00:00,1.670,83.05,"66b","CEH POTS 6-3-73","Non-independent peak removed CEH Datum 0.3048 subtracted. Threshold 0.914 applied",""
07/05/1969 00:00,1.300,55.72,"66b","CEH POTS 6-3-73","CEH Datum 0.3048 subtracted. Threshold 0.914 applied",""
01/06/1969 00:00,0.950,39.32,"66a","CEH POTS 6-3-73","CEH Datum 0.3048 subtracted. Threshold 0.914 applied",""
12/01/1970 00:00,0.945,39.10,"66a","CEH POTS 27-2-87","Threshold 0.938 applied",""
25/01/1970 00:00,1.000,41.45,"66a","CEH POTS 27-2-87","Threshold 0.938 applied",""
30/01/1970 00:00,0.975,40.40,"66a","CEH POTS 27-2-87","Threshold 0.938 applied",""
04/02/1970 00:00,1.036,43.05,"66a","CEH POTS 27-2-87","Threshold 0.938 applied",""
22/02/1970 00:00,1.311,56.42,"66b","CEH POTS 27-2-87","Threshold 0.938 applied",""
16/03/1970 00:00,1.448,65.82,"66b","CEH POTS 27-2-87","Threshold 0.938 applied",""
07/04/1970 00:00,0.991,41.05,"66a","CEH POTS 27-2-87","Threshold 0.938 applied",""
13/04/1970 00:00,1.012,41.98,"66a","CEH POTS 27-2-87","Threshold 0.938 applied",""
30/11/1970 00:00,0.990,44.33,"6a","CEH POTS 27-2-87","Threshold 0.938 applied",""
24/01/1971 00:00,1.348,64.06,"6b","CEH POTS 27-2-87","Threshold 0.938 applied",""
27/01/1971 00:00,1.481,73.90,"6b","CEH POTS 27-2-87","Threshold 0.938 applied",""
03/02/1971 00:00,1.220,55.29,"6a","CEH POTS 27-2-87","Threshold 0.938 applied",""
08/03/1972 00:00,1.055,47.30,"6a","CEH POTS 27-2-87","Threshold 0.938 applied",""
07/12/1972 00:00,1.040,46.60,"6a","CEH POTS 27-2-87","Threshold 0.938 applied",""
28/06/1973 00:00,0.990,44.33,"6a","CEH POTS 27-2-87","Threshold 0.938 applied",""
01/07/1973 00:00,0.980,43.88,"6a","CEH POTS 27-2-87","Threshold 0.938 applied",""
10/02/1974 00:00,1.055,47.30,"6a","CEH POTS 27-2-87","Threshold 0.938 applied",""
24/11/1974 00:00,1.390,67.07,"6b","CEH POTS 27-2-87","Threshold 0.938 applied",""
21/01/1975 00:00,0.995,44.55,"6a","CEH POTS 27-2-87","Threshold 0.938 applied",""
29/01/1975 00:00,1.025,45.92,"6a","CEH POTS 27-2-87","Threshold 0.938 applied",""
12/03/1975 00:00,1.692,91.36,"6b","CEH POTS 27-2-87","Threshold 0.938 applied",""
19/04/1975 00:00,1.420,69.27,"6b","CEH POTS 27-2-87","Threshold 0.938 applied",""
27/11/1975 00:00,,14.90,"6a","CEH POTS 27-2-87","Threshold 0.938 applied,Peak from Orton (corrected for different area)",""
20/12/1976 00:00,1.149,50.72,"1a","CEH POTS 27-2-87","Threshold 0.846 applied",""
01/01/1977 00:00,1.235,54.28,"1a","CEH POTS 27-2-87","Threshold 0.846 applied",""
15/01/1977 00:00,0.955,43.06,"1a","CEH POTS 27-2-87","Threshold 0.846 applied",""
28/01/1977 00:00,1.115,49.34,"1a","CEH POTS 27-2-87","Threshold 0.846 applied",""
04/02/1977 00:00,0.990,44.40,"1a","CEH POTS 27-2-87","Threshold 0.846 applied",""
11/02/1977 00:00,1.219,53.61,"1a","CEH POTS 27-2-87","Threshold 0.846 applied",""
27/02/1977 00:00,1.605,82.09,"1b","CEH POTS 27-2-87","Threshold 0.846 applied",""
24/01/1978 00:00,0.694,33.61,"1a","CEH POTS 27-2-87","Threshold 0.846 applied",""
05/02/1978 00:00,1.175,51.78,"1a","CEH POTS 27-2-87","Threshold 0.846 applied",""
09/05/1978 00:00,1.375,63.31,"1b","CEH POTS 27-2-87","Threshold 0.846 applied",""
29/12/1978 00:00,1.078,47.85,"1a","CEH POTS 27-2-87","Threshold 0.846 applied",""
04/02/1979 00:00,1.571,79.11,"1b","CEH POTS 27-2-87","Threshold 0.846 applied",""
23/03/1979 00:00,1.240,54.49,"1a","CEH POTS 27-2-87","Threshold 0.846 applied",""
31/03/1979 00:00,1.563,78.42,"1b","CEH POTS 27-2-87","Threshold 0.846 applied",""
11/04/1979 00:00,1.381,63.76,"1b","CEH POTS 27-2-87","Threshold 0.846 applied",""
17/12/1979 00:00,1.240,54.49,"1a","CEH POTS 27-2-87","Threshold 0.846 applied",""
31/12/1979 00:00,1.229,54.03,"1a","CEH POTS 27-2-87","Threshold 0.846 applied",""
05/01/1980 00:00,0.942,42.57,"1a","CEH POTS 27-2-87","Threshold 0.846 applied",""
09/02/1980 00:00,1.220,53.65,"1a","CEH POTS 27-2-87","Threshold 0.846 applied",""
18/08/1980 00:00,1.449,69.01,"1b","CEH POTS 27-2-87","Threshold 0.846 applied",""
20/12/1980 00:00,1.024,45.72,"1a","CEH POTS 27-2-87","Threshold 0.846 applied",""
03/03/1981 00:00,0.990,44.40,"1a","CEH POTS 27-2-87","Threshold 0.846 applied",""
14/03/1981 00:00,1.433,67.75,"1b","CEH POTS 27-2-87","Threshold 0.846 applied",""
27/04/1981 00:00,1.870,107.78,"1b","CEH POTS 27-2-87","Threshold 0.846 applied",""
02/06/1981 00:00,1.035,46.15,"1a","CEH POTS 27-2-87","Threshold 0.846 applied",""
03/01/1982 00:00,1.358,62.04,"1b","CEH POTS 27-2-87","Threshold 0.846 applied",""
07/03/1982 00:00,1.195,52.61,"1a","CEH POTS 27-2-87","Threshold 0.846 applied",""
16/03/1982 00:00,1.288,57.00,"1b","CEH POTS 27-2-87","Threshold 0.846 applied",""
26/06/1982 00:00,0.953,42.99,"1a","CEH POTS 27-2-87","Threshold 0.846 applied",""
15/11/1982 00:00,1.009,45.14,"1a","GA microfiche","",""
10/12/1982 00:00,1.223,53.78,"1a","GA microfiche","",""
20/12/1982 00:00,0.820,38.05,"1a","GA microfiche","",""
01/02/1983 00:00,0.788,36.90,"1a","GA microfiche","",""
11/04/1983 00:00,0.850,39.14,"1a","GA microfiche","",""
21/04/1983 00:00,0.821,38.08,"1a","GA microfiche","",""
01/05/1983 00:00,1.323,59.49,"1b","GA microfiche","",""
23/05/1983 00:00,0.917,41.62,"1a","GA microfiche","",""
01/06/1983 00:00,0.900,40.99,"1a","GA microfiche","",""
28/01/1984 00:00,1.190,52.40,"1a","GA microfiche","",""
08/02/1984 00:00,1.223,53.78,"1a","GA microfiche","",""
26/03/1984 00:00,1.160,51.17,"1a","GA microfiche","",""
24/11/1984 00:00,1.068,47.46,"1a","GA microfiche","",""
22/01/1985 00:00,1.184,52.15,"1a","GA microfiche","",""
30/01/1985 00:00,0.874,40.02,"1a","GA microfiche","",""
12/04/1985 00:00,0.924,41.89,"1a","GA microfiche","",""
07/06/1985 00:00,0.990,44.40,"1a","GA microfiche","",""
06/12/1985 00:00,0.985,44.21,"1a","GA microfiche","",""
26/12/1985 00:00,1.419,66.66,"1b","GA microfiche","",""
03/01/1986 00:00,0.922,41.81,"1a","GA microfiche","",""
05/01/1986 00:00,0.808,37.62,"1a","GA microfiche","",""
13/01/1986 00:00,1.255,55.12,"1a","GA microfiche","",""
03/02/1986 00:00,1.174,51.74,"1a","GA microfiche","",""
29/03/1986 00:00,0.793,37.08,"1a","GA microfiche","",""
08/04/1986 00:00,0.910,41.36,"1a","GA microfiche","",""
18/04/1986 00:00,1.005,44.98,"1a","GA microfiche","",""
21/04/1986 00:00,0.975,43.83,"1a","GA microfiche","",""
24/04/1986 00:00,1.028,45.88,"1a","GA microfiche","",""
21/05/1986 00:00,1.310,58.56,"1b","GA microfiche","",""
22/11/1986 00:00,0.884,40.39,"1a","GA microfiche","",""
16/12/1986 00:00,0.900,40.99,"1a","GA microfiche","",""
01/01/1987 00:00,1.195,52.61,"1a","GA microfiche","",""
02/03/1987 00:00,0.798,37.26,"1a","GA microfiche","",""
05/04/1987 00:00,1.090,48.33,"1a","GA microfiche","",""
08/04/1987 00:00,1.275,56.10,"1b","GA microfiche","",""
19/06/1987 00:00,0.845,38.96,"1a","GA microfiche","",""
11/10/1987 00:00,1.090,48.33,"1a","GA microfiche","",""
16/10/1987 00:00,1.253,55.04,"1a","GA microfiche","",""
21/10/1987 00:00,1.313,58.77,"1b","GA microfiche","",""
12/11/1987 00:00,1.003,44.91,"1a","GA microfiche","",""
20/11/1987 00:00,1.092,48.41,"1a","GA microfiche","",""
07/01/1988 00:00,0.926,41.96,"1a","GA microfiche","",""
26/01/1988 00:00,1.545,76.88,"1b","GA microfiche","",""
29/01/1988 00:00,1.460,69.88,"1b","GA microfiche","",""
04/02/1988 00:00,1.095,48.53,"1a","GA microfiche","",""
09/02/1988 00:00,0.878,40.17,"1a","GA microfiche","",""
15/03/1988 00:00,1.115,49.34,"1a","GA microfiche","",""
21/03/1988 00:00,1.148,50.68,"1a","GA microfiche","",""
25/03/1988 00:00,0.918,41.66,"1a","GA microfiche","",""
17/03/1989 00:00,0.870,39.87,"1a","GA microfiche","",""
07/04/1989 00:00,1.041,46.39,"1a","GA microfiche","",""
25/04/1989 00:00,0.922,41.81,"1a","GA microfiche","",""
09/11/1989 00:00,1.028,45.88,"1a","GA microfiche","",""
21/12/1989 00:00,1.331,60.07,"1b","GA microfiche","",""
08/02/1990 00:00,1.214,53.40,"1a","GA microfiche","",""
10/01/1991 00:00,0.812,37.76,"1a","GA microfiche","",""
28/02/1991 00:00,0.956,43.10,"1a","GA microfiche","",""
19/11/1991 00:00,0.862,39.58,"1a","GA microfiche","",""
10/01/1992 00:00,1.194,52.57,"1a","GA microfiche","",""
24/09/1992 00:00,1.683,89.18,"1b","GA microfiche","",""
04/10/1992 00:00,1.484,71.82,"1b","GA microfiche","",""
25/10/1992 00:00,1.064,47.30,"1a","GA microfiche","",""
11/11/1992 00:00,1.184,52.15,"1a","GA microfiche","",""
17/11/1992 00:00,0.914,41.51,"1a","GA microfiche","",""
26/11/1992 00:00,1.178,51.91,"1a","GA microfiche","",""
03/12/1992 00:00,1.255,55.12,"1a","GA microfiche","",""
07/12/1992 00:00,1.325,59.63,"1b","GA microfiche","",""
18/12/1992 00:00,0.885,40.43,"1a","GA microfiche","",""
14/01/1993 00:00,1.370,62.93,"1b","GA microfiche","",""
09/04/1993 00:00,1.040,46.35,"1a","GA microfiche","",""
12/06/1993 00:00,0.905,41.17,"1a","GA microfiche","",""
06/10/1993 00:00,0.795,37.15,"1a","GA microfiche","",""
13/10/1993 00:00,1.280,56.45,"1b","GA microfiche","",""
14/11/1993 00:00,1.453,69.33,"1b","GA microfiche","",""
09/12/1993 00:00,0.940,42.49,"1a","GA microfiche","",""
13/12/1993 00:00,1.290,57.15,"1b","GA microfiche","",""
21/12/1993 00:00,1.272,55.89,"1b","GA microfiche","",""
29/12/1993 00:00,1.159,51.13,"1a","GA microfiche","",""
07/01/1994 00:00,1.425,67.13,"1b","GA microfiche","",""
13/01/1994 00:00,1.268,55.67,"1a","GA microfiche","",""
03/02/1994 00:00,1.018,45.49,"1a","GA microfiche","",""
26/02/1994 00:00,1.265,55.55,"1a","GA microfiche","",""
05/04/1994 00:00,0.995,44.60,"1a","GA microfiche","",""
09/04/1994 00:00,0.805,37.51,"1a","GA microfiche","",""
16/09/1994 00:00,0.975,43.83,"1a","GA microfiche","",""
31/10/1994 00:00,0.834,38.56,"1a","GA microfiche","",""
05/11/1994 00:00,0.784,36.76,"1a","GA microfiche","",""
08/12/1994 00:00,0.916,41.59,"1a","GA microfiche","",""
28/12/1994 00:00,0.930,42.11,"1a","GA microfiche","",""
23/01/1995 00:00,1.218,53.57,"1a","GA microfiche","",""
28/01/1995 00:00,1.350,61.45,"1b","GA microfiche","",""
10/02/1995 00:00,1.158,51.09,"1a","GA microfiche","",""
17/02/1995 00:00,0.870,39.87,"1a","GA microfiche","",""
23/12/1995 00:00,0.929,42.08,"1a","GA microfiche","",""
09/01/1996 00:00,1.050,46.74,"1a","GA microfiche","",""
12/02/1996 00:00,0.848,39.07,"1a","GA microfiche","",""
25/02/1996 00:00,0.902,41.06,"1a","GA microfiche","",""
28/06/1997 08:45,0.511,27.58,"3a","Digital Archive","0.119 m correction added to original stage of 0.392 m by Gauging Authority",""
22/11/1997 01:45,0.679,33.09,"3a","Digital Archive","0.119 m correction added to original stage of 0.56 m by Gauging Authority",""
30/11/1997 13:45,0.718,34.44,"3a","Digital Archive","0.119 m correction added to original stage of 0.599 m by Gauging Authority",""
06/01/1998 13:15,1.473,70.93,"3b","Digital Archive","0.119 m correction added to original stage of 1.354 m by Gauging Authority",""
19/01/1998 17:15,1.099,48.69,"3a","Digital Archive","0.119 m correction added to original stage of 0.98 m by Gauging Authority",""
08/03/1998 10:30,1.038,46.27,"3a","Digital Archive","0.119 m correction added to original stage of 0.919 m by Gauging Authority",""
12/04/1998 09:00,2.949,264.27,"3b","Digital Archive","0.119 m correction added to original stage of 2.832 m by Gauging Authority",""
26/04/1998 03:15,1.070,47.54,"3a","Digital Archive","",""
16/06/1998 02:00,0.538,28.44,"3a","Digital Archive","",""
28/10/1998 19:15,1.113,49.26,"3a","Digital Archive","",""
03/11/1998 11:30,0.964,43.40,"3a","Digital Archive","",""
09/11/1998 23:45,0.965,43.44,"3a","Digital Archive","",""
16/12/1998 17:45,0.858,39.43,"3a","Digital Archive","",""
27/12/1998 09:30,1.005,44.98,"3a","Digital Archive","",""
07/01/1999 17:15,1.305,58.20,"3b","Digital Archive","",""
21/01/1999 02:30,1.448,68.93,"3b","Digital Archive","",""
08/03/1999 13:45,0.948,42.79,"3a","Digital Archive","",""
24/04/1999 19:30,0.558,29.08,"3a","Digital Archive","",""
11/05/1999 20:15,0.528,28.12,"3a","Digital Archive","",""
03/06/1999 22:00,1.064,47.30,"3a","Digital Archive","",""
10/08/1999 08:45,0.598,30.38,"3a","Digital Archive","",""
03/10/1999 01:30,0.518,27.80,"3a","Digital Archive","",""
25/10/1999 10:30,0.620,31.11,"3a","Digital Archive","",""
12/12/1999 12:00,1.019,45.53,"3a","Digital Archive","",""
25/12/1999 15:30,1.142,50.43,"3a","Digital Archive","",""
01/03/2000 03:15,1.115,49.34,"3a","Digital Archive","",""
04/04/2000 19:15,1.740,94.61,"3b","Digital Archive","",""
17/04/2000 15:00,1.015,45.37,"3a","Digital Archive","",""
23/04/2000 10:45,1.062,47.22,"3a","Digital Archive","",""
31/05/2000 15:00,1.647,85.86,"3b","Digital Archive","",""
27/09/2000 11:00,0.675,32.96,"3a","Digital Archive","",""
11/10/2000 19:45,0.889,40.58,"3a","Digital Archive","",""
07/11/2000 12:15,1.835,104.12,"3b","Digital Archive","",""
28/11/2000 20:30,1.326,59.71,"3b","Digital Archive","",""
09/12/2000 03:15,1.476,71.17,"3b","Digital Archive","",""
25/12/2000 13:15,1.355,61.82,"3b","Digital Archive","",""
05/01/2001 12:15,1.539,76.38,"3b","Digital Archive","",""
24/01/2001 16:15,1.084,48.09,"3a","Digital Archive","",""
07/02/2001 17:15,1.764,96.96,"3b","Digital Archive","",""
13/02/2001 11:45,1.500,73.12,"3b","Digital Archive","",""
19/03/2001 03:30,1.507,73.70,"3b","Digital Archive","",""
08/04/2001 14:00,1.445,68.69,"3b","Digital Archive","",""
26/04/2001 00:00,1.006,45.02,"3a","Digital Archive","",""
17/05/2001 00:00,1.012,45.26,"3a","Digital Archive","",""
19/07/2001 09:30,0.910,41.36,"3a","Digital Archive","",""
22/10/2001 17:45,1.245,54.70,"3a","Digital Archive","",""
02/12/2001 11:45,0.747,35.45,"3a","Digital Archive","",""
28/01/2002 09:00,0.919,41.70,"3a","Digital Archive","",""
06/02/2002 16:30,0.783,36.72,"3a","Digital Archive","",""
26/02/2002 19:00,0.988,44.33,"3a","Digital Archive","",""
19/03/2002 18:00,0.980,44.02,"3a","Digital Archive","",""
10/07/2002 17:45,0.471,26.33,"3b","Digital Archive","",""
31/07/2002 19:30,0.644,31.91,"3a","Digital Archive","",""
10/09/2002 14:00,0.506,27.42,"3a","Digital Archive","",""
17/10/2002 02:45,1.271,55.82,"3a","Digital Archive","",""
22/10/2002 23:00,0.801,37.36,"3a","Digital Archive","",""
03/11/2002 19:15,0.752,35.62,"3a","Digital Archive","",""
15/11/2002 14:30,1.387,64.21,"3b","Digital Archive","",""
24/11/2002 11:15,0.764,36.05,"3a","Digital Archive","",""
02/12/2002 11:15,0.757,35.80,"3a","Digital Archive","",""
16/12/2002 21:00,1.217,53.53,"3a","Digital Archive","",""
23/12/2002 07:45,1.460,69.88,"3b","Digital Archive","",""
05/01/2003 01:45,1.891,110.01,"3b","Digital Archive","",""
23/01/2003 10:15,1.361,62.27,"3b","Digital Archive","",""
12/02/2003 16:15,0.726,34.71,"3a","Digital Archive","",""
06/03/2003 17:00,1.054,46.90,"3a","Digital Archive","",""
21/12/2003 20:45,0.446,25.56,"3b","Digital Archive","Series used : 032010SG,032010SG,","AMAX ONLY"
01/02/2004 18:45,1.283,56.66,"3b","Digital Archive","Series used : 032010SG,032010SG,",""
19/04/2004 14:45,0.983,44.13,"3a","Digital Archive","Series used : 032010SG,032010SG,",""
30/04/2004 16:00,1.115,49.34,"3a","Digital Archive","Series used : 032010SG,032010SG,",""
08/07/2004 22:30,0.834,38.56,"3a","Digital Archive","Series used : 032010SG,032010SG,",""
10/08/2004 20:15,1.386,64.14,"3b","Digital Archive","Series used : 032010SG,032010SG,",""
24/08/2004 13:15,1.102,48.81,"3a","Digital Archive","Series used : 032010SG,032010SG,",""
21/10/2004 14:15,1.161,51.21,"3a","Digital Archive","Non-independent peak removed Series used : 032010SG,032010SG,",""
19/11/2004 12:15,1.002,44.87,"3a","Digital Archive","Series used : 032010SG,032010SG,",""
14/02/2005 13:45,0.674,32.92,"3a","Digital Archive","Series used : 032010SG,032010SG,","AMAX ONLY"
23/05/2006 13:15,0.731,34.89,"3a","Digital Archive","Series used : 032010SG,032010SG,","AMAX ONLY"
27/11/2006 15:45,0.944,42.64,"3a","032010.SG.HiUKPOT","",""
02/01/2007 19:00,1.036,46.19,"3a","032010.SG.HiUKPOT","",""
10/01/2007 18:15,1.297,57.64,"3b","032010.SG.HiUKPOT","",""
20/01/2007 11:00,0.952,42.95,"3a","032010.SG.HiUKPOT","",""
11/02/2007 20:30,1.290,57.15,"3b","032010.SG.HiUKPOT","",""
07/03/2007 05:45,1.515,74.36,"3b","032010.SG.HiUKPOT","",""
19/06/2007 21:30,1.052,46.82,"3a","032010.SG.HiUKPOT","",""
26/06/2007 04:00,0.938,42.42,"3a","032010.SG.HiUKPOT","",""
03/07/2007 18:45,0.980,44.02,"3a","032010.SG.HiUKPOT","",""
21/11/2007 23:00,0.937,42.38,"3a","032010.SG.HiUKPOT","",""
16/01/2008 23:30,1.491,72.39,"3b","032010.SG.HiUKPOT","",""
22/01/2008 12:30,1.283,56.66,"3b","032010.SG.HiUKPOT","",""
06/02/2008 23:00,0.838,38.70,"3a","032010.SG.HiUKPOT","",""
17/03/2008 11:00,1.524,75.11,"3b","032010.SG.HiUKPOT","",""
04/06/2008 11:00,0.834,38.56,"3a","032010.SG.HiUKPOT","",""
10/09/2008 15:00,1.118,49.46,"3a","032010.SG.HiUKPOT","",""
06/10/2008 11:00,0.926,41.96,"3a","032010.SG.HiUKPOT","",""
02/11/2008 23:15,1.007,45.06,"3a","032010.SG.HiUKPOT","",""
11/11/2008 19:15,1.285,56.80,"3b","032010.SG.HiUKPOT","",""
05/12/2008 17:45,0.864,39.65,"3a","032010.SG.HiUKPOT","",""
14/12/2008 13:30,1.152,50.84,"3a","032010.SG.HiUKPOT","",""
29/01/2009 04:00,1.016,45.41,"3a","032010.SG.HiUKPOT","",""
17/02/2009 02:15,1.578,79.72,"3b","032010.SG.HiUKPOT","",""
31/12/2009 13:15,0.926,41.96,"3a","032010.SG.HiUKPOT","",""
18/01/2010 18:30,1.013,45.29,"3a","032010.SG.HiUKPOT","",""
23/01/2010 20:00,0.914,41.51,"3a","032010.SG.HiUKPOT","",""
20/02/2010 11:45,0.915,41.55,"3a","032010.SG.HiUKPOT","",""
02/03/2010 18:45,1.430,67.52,"3b","032010.SG.HiUKPOT","",""
27/08/2010 15:30,0.833,38.52,"3a","032010.SG.HiUKPOT","",""
09/11/2010 15:00,0.808,37.62,"3a","032010.SG.HiUKPOT","",""
14/01/2011 18:15,1.145,50.55,"3a","032010.SG.HiUKPOT","",""
22/02/2011 12:45,0.850,39.14,"3a","032010.SG.HiUKPOT","",""
04/05/2012 20:15,1.482,71.65,"3b","032010.SG.HiUKPOT","",""
12/06/2012 12:30,0.967,43.52,"3a","032010.SG.HiUKPOT","",""
17/07/2012 11:15,1.263,55.46,"3a","032010.SG.HiUKPOT","",""
18/10/2012 22:45,1.135,50.07,"3a","Digital Archive","",""
05/11/2012 10:30,1.271,55.72,"3a","Digital Archive","",""
29/11/2012 13:15,1.900,110.76,"3b","Digital Archive","",""
15/12/2012 12:30,1.174,51.66,"3a","Digital Archive","",""
25/12/2012 08:45,1.900,110.76,"3b","Digital Archive","",""
01/01/2013 08:15,1.402,65.20,"3b","Digital Archive","",""
28/01/2013 04:30,1.580,79.72,"3b","Digital Archive","",""
15/02/2013 06:00,1.480,71.33,"3b","Digital Archive","",""
18/03/2013 16:00,1.389,64.21,"3b","Digital Archive","",""
28/10/2013 22:00,1.154,50.84,"3a","Digital Archive","",""
24/12/2013 21:30,1.276,56.03,"3b","Digital Archive","",""
10/01/2014 01:15,1.547,76.88,"3b","Digital Archive","",""
17/01/2014 12:00,1.088,48.18,"3a","Digital Archive","",""
01/02/2014 21:00,1.514,74.12,"3b","Digital Archive","",""
08/02/2014 11:00,1.536,75.95,"3b","Digital Archive","",""
15/02/2014 12:45,1.291,57.08,"3b","Digital Archive","",""
03/03/2014 20:45,1.062,47.14,"3a","Digital Archive","",""
28/05/2014 15:15,1.118,49.38,"3a","Digital Archive","",""
18/11/2014 15:45,1.057,46.94,"3a","Digital Archive","",""
24/11/2014 04:45,0.939,42.38,"3a","Digital Archive","",""
27/12/2014 15:00,1.194,52.49,"3a","Digital Archive","",""
16/01/2015 19:15,0.967,43.44,"3a","Digital Archive","",""
08/01/2016 03:30,1.238,54.32,"3a","Digital Archive","",""
08/02/2016 22:00,0.973,43.67,"3a","Digital Archive","",""
18/02/2016 16:30,0.895,40.73,"3a","Digital Archive","",""
10/03/2016 17:45,1.714,91.92,"3b","Digital Archive","",""
29/03/2016 16:15,1.019,45.45,"3a","Digital Archive","",""
