"NAME:","Stour at Throop"
"NUMBER:","43007"
"DATE","STAGE (m)","FLOW (m^3/s)","RATING","SOURCE","COMMENT","AMAX ONLY"
12/02/1974 00:00,1.490,135.35,"4d","CEH files","",""
17/02/1974 00:00,1.390,119.49,"4d","CEH files","",""
07/09/1974 00:00,1.070,67.21,"4d","CEH files","",""
29/09/1974 00:00,1.270,100.19,"4d","CEH files","",""
23/11/1974 00:00,1.520,140.08,"4d","CEH files","",""
28/12/1974 00:00,1.160,82.20,"4d","CEH files","",""
20/01/1975 00:00,1.340,111.49,"4d","CEH files","",""
21/01/1975 00:00,1.390,119.49,"4d","CEH files","",""
28/01/1975 00:00,1.190,87.14,"4d","CEH files","",""
10/03/1975 00:00,1.070,67.21,"4d","CEH files","",""
13/03/1976 00:00,0.780,28.62,"4c","CEH files","",""
16/10/1976 00:00,1.340,111.49,"4d","CEH files","",""
02/12/1976 00:00,1.360,114.70,"4d","CEH files","",""
07/12/1976 00:00,1.150,80.55,"4d","CEH files","",""
02/01/1977 00:00,1.140,78.89,"4d","CEH files","",""
15/01/1977 00:00,1.220,92.06,"4d","CEH files","",""
11/02/1977 00:00,1.140,78.89,"4d","CEH files","",""
20/02/1977 00:00,1.240,95.32,"4d","CEH files","",""
17/03/1977 00:00,1.170,83.85,"4d","CEH files","",""
11/12/1977 00:00,1.410,122.68,"4d","CEH files","",""
24/01/1978 00:00,1.060,65.52,"4d","CEH files","",""
29/01/1978 00:00,1.370,116.30,"4d","CEH files","",""
05/02/1978 00:00,1.100,72.24,"4d","CEH files","",""
24/02/1978 00:00,1.430,125.86,"4d","CEH files","",""
03/05/1978 00:00,1.110,73.90,"4d","CEH files","",""
30/12/1978 00:00,1.100,72.24,"4d","CEH files","",""
21/01/1979 00:00,1.090,70.56,"4d","CEH files","",""
03/02/1979 00:00,1.160,82.20,"4d","CEH files","",""
26/03/1979 00:00,1.170,83.85,"4d","CEH files","",""
01/06/1979 00:00,1.670,163.49,"4d","CEH files","",""
15/12/1979 00:00,1.220,92.06,"4d","CEH files","",""
28/12/1979 00:00,1.970,209.45,"4d","CEH files","",""
22/01/1980 00:00,1.090,70.56,"4d","CEH files","",""
24/03/1980 00:00,1.100,72.24,"4d","CEH files","",""
11/03/1981 00:00,1.210,90.42,"4d","CEH files","",""
23/03/1981 00:00,1.070,67.21,"4d","CEH files","",""
15/12/1981 00:00,1.200,88.78,"4d","CEH files","",""
22/12/1981 00:00,1.180,85.50,"4d","CEH files","",""
17/03/1982 00:00,1.320,108.27,"4d","CEH files","",""
09/11/1982 00:00,1.220,92.06,"4d","CEH files","",""
13/11/1982 00:00,1.080,68.89,"4d","CEH files","",""
26/11/1982 00:00,1.090,70.56,"4d","CEH files","",""
11/12/1982 00:00,1.140,78.89,"4d","CEH files","",""
02/02/1983 00:00,1.150,80.55,"4d","CEH files","",""
22/12/1983 00:00,1.130,77.23,"4d","CEH files","",""
25/01/1984 00:00,1.100,72.24,"4d","CEH files","",""
27/01/1984 00:00,1.240,95.32,"4d","CEH files","",""
22/01/1985 00:00,1.300,105.05,"4d","CEH files","",""
27/12/1985 00:00,1.340,111.49,"4d","CEH files","",""
03/01/1986 00:00,1.080,68.89,"4d","CEH files","",""
09/01/1986 00:00,1.090,70.56,"4d","CEH files","",""
30/01/1986 00:00,1.320,108.27,"4d","CEH files","",""
13/12/1986 00:00,1.160,82.20,"4d","CEH files","",""
17/12/1986 00:00,1.170,83.85,"4d","CEH files","",""
02/02/1988 00:00,,88.08,"4a","EA","From EA","AMAX ONLY"
26/02/1989 00:00,,85.92,"4a","EA","","AMAX ONLY"
04/02/1990 00:00,,137.65,"4a","EA","","AMAX ONLY"
10/03/1991 00:00,,81.55,"4a","EA","","AMAX ONLY"
08/04/1992 00:00,,42.21,"THEO & regression for bypass4","EA","","AMAX ONLY"
09/04/1992 04:45,0.911,45.70,"THEO & regression for bypass2","Digital Archive","","AMAX ONLY"
27/11/1992 20:15,1.072,63.59,"THEO & regression for bypass3","Digital Archive","",""
04/12/1992 09:30,1.325,90.97,"THEO & regression for bypass3","Digital Archive","",""
09/12/1992 01:30,1.294,87.65,"THEO & regression for bypass3","Digital Archive","",""
20/12/1992 07:00,1.435,102.78,"THEO & regression for bypass4","Digital Archive","Genuine peak.",""
12/01/1993 14:45,1.297,87.97,"THEO & regression for bypass3","Digital Archive","",""
28/01/1993 16:45,0.958,50.97,"THEO & regression for bypass2","Digital Archive","",""
06/04/1993 19:45,0.938,48.73,"THEO & regression for bypass2","Digital Archive","",""
08/10/1993 18:45,1.340,92.57,"THEO & regression for bypass3","Digital Archive","",""
15/10/1993 02:45,1.447,105.27,"THEO & regression for bypass4","Digital Archive","Genuine peak.",""
16/12/1993 19:45,0.970,52.31,"THEO & regression for bypass2","Digital Archive","",""
22/12/1993 08:00,1.411,100.12,"THEO & regression for bypass3","Digital Archive","",""
01/01/1994 15:15,1.169,74.18,"THEO & regression for bypass3","Digital Archive","",""
07/01/1994 12:45,1.389,97.79,"THEO & regression for bypass3","Digital Archive","",""
11/01/1994 17:00,1.192,76.67,"THEO & regression for bypass3","Digital Archive","",""
05/02/1994 06:30,1.154,72.55,"THEO & regression for bypass3","Digital Archive","",""
12/02/1994 15:45,1.001,55.76,"THEO & regression for bypass2","Digital Archive","",""
24/02/1994 21:30,1.131,70.04,"THEO & regression for bypass3","Digital Archive","Non-independent peak removed",""
02/04/1994 20:15,1.123,69.17,"THEO & regression for bypass3","Digital Archive","",""
10/04/1994 11:00,1.008,56.53,"THEO & regression for bypass2","Digital Archive","",""
02/11/1994 13:15,1.115,68.30,"THEO & regression for bypass3","Digital Archive","",""
11/11/1994 08:00,1.526,121.71,"THEO & regression for bypass4","Digital Archive","Genuine peak.",""
10/12/1994 14:15,1.319,90.33,"THEO & regression for bypass3","Digital Archive","",""
30/12/1994 18:30,1.106,67.31,"THEO & regression for bypass3","Digital Archive","",""
07/01/1995 09:30,1.082,64.69,"THEO & regression for bypass3","Digital Archive","",""
22/01/1995 02:15,1.289,87.12,"THEO & regression for bypass3","Digital Archive","",""
30/01/1995 03:00,1.238,81.64,"THEO & regression for bypass3","Digital Archive","",""
03/02/1995 09:30,1.235,81.31,"THEO & regression for bypass3","Digital Archive","",""
13/02/1995 11:45,1.192,76.67,"THEO & regression for bypass3","Digital Archive","",""
24/02/1995 09:30,1.095,66.11,"THEO & regression for bypass3","Digital Archive","",""
04/03/1995 12:15,1.067,63.04,"THEO & regression for bypass3","Digital Archive","",""
29/11/1995 09:15,0.958,50.97,"THEO & regression for bypass2","Digital Archive","",""
24/12/1995 06:45,1.315,89.90,"THEO & regression for bypass3","Digital Archive","",""
10/01/1996 19:30,1.106,67.31,"THEO & regression for bypass3","Digital Archive","",""
14/02/1996 09:15,1.185,75.91,"THEO & regression for bypass3","Digital Archive","",""
26/02/1996 01:45,0.978,53.20,"THEO & regression for bypass2","Digital Archive","",""
22/03/1996 18:15,0.949,49.96,"THEO & regression for bypass2","Digital Archive","",""
24/04/1996 11:30,0.924,47.16,"THEO & regression for bypass2","Digital Archive","",""
22/11/1996 05:00,0.972,52.53,"THEO & regression for bypass2","Digital Archive","",""
14/02/1997 16:30,0.933,48.17,"THEO & regression for bypass2","Digital Archive","",""
19/02/1997 18:45,0.936,48.51,"THEO & regression for bypass2","Digital Archive","",""
26/02/1997 18:45,1.018,57.64,"THEO & regression for bypass3","Digital Archive","",""
06/03/1997 05:00,1.001,55.76,"THEO & regression for bypass2","Digital Archive","",""
22/11/1997 15:00,1.108,67.53,"THEO & regression for bypass3","Digital Archive","",""
30/11/1997 10:00,1.090,65.56,"THEO & regression for bypass3","Digital Archive","",""
26/12/1997 10:00,0.975,52.87,"THEO & regression for bypass2","Digital Archive","",""
07/01/1998 05:00,1.450,105.90,"THEO & regression for bypass4","Digital Archive","Genuine peak, slightly noisy.",""
20/01/1998 10:00,1.146,71.68,"THEO & regression for bypass3","Digital Archive","",""
27/10/1998 02:15,1.008,56.53,"THEO & regression for bypass2","Digital Archive","",""
03/11/1998 06:30,1.258,83.79,"THEO & regression for bypass3","Digital Archive","",""
11/11/1998 08:45,0.938,48.73,"THEO & regression for bypass2","Digital Archive","",""
28/12/1998 18:45,1.199,77.43,"THEO & regression for bypass3","Digital Archive","",""
05/01/1999 02:45,1.019,57.75,"THEO & regression for bypass3","Digital Archive","",""
13/01/1999 22:30,0.939,48.84,"THEO & regression for bypass2","Digital Archive","",""
21/01/1999 17:00,1.402,99.17,"THEO & regression for bypass3","Digital Archive","",""
25/04/1999 14:45,1.034,59.41,"THEO & regression for bypass3","Digital Archive","",""
26/10/1999 22:15,1.057,61.94,"THEO & regression for bypass3","Digital Archive","",""
21/12/1999 04:00,1.123,69.17,"THEO & regression for bypass3","Digital Archive","",""
26/12/1999 00:15,1.631,143.55,"THEO & regression for bypass4","Digital Archive","Genuine peak.",""
05/01/2000 08:45,1.042,60.29,"THEO & regression for bypass3","Digital Archive","",""
03/02/2000 15:45,0.916,46.26,"THEO & regression for bypass2","Digital Archive","",""
29/02/2000 20:30,1.082,64.69,"THEO & regression for bypass3","Digital Archive","",""
06/04/2000 01:30,1.291,87.33,"THEO & regression for bypass3","Digital Archive","",""
22/04/2000 06:30,1.241,81.96,"THEO & regression for bypass3","Digital Archive","",""
26/04/2000 08:45,0.975,52.87,"THEO & regression for bypass2","Digital Archive","",""
13/10/2000 03:00,1.008,56.53,"THEO & regression for bypass2","Digital Archive","Genuine peak.",""
31/10/2000 17:00,1.720,162.07,"THEO & regression for bypass4","Digital Archive","Genuine peak.",""
07/11/2000 12:30,1.598,136.69,"THEO & regression for bypass4","Digital Archive","Genuine peak.",""
13/11/2000 10:45,1.029,58.85,"THEO & regression for bypass3","Digital Archive","",""
17/11/2000 21:15,0.984,53.87,"THEO & regression for bypass2","Digital Archive","Genuine peak.",""
27/11/2000 09:30,1.019,57.75,"THEO & regression for bypass3","Digital Archive","",""
02/12/2000 23:00,1.049,61.06,"THEO & regression for bypass3","Digital Archive","",""
09/12/2000 09:45,1.562,129.20,"THEO & regression for bypass4","Digital Archive","Genuine peak.",""
14/12/2000 09:45,1.542,125.04,"THEO & regression for bypass4","Digital Archive","Genuine peak.",""
26/12/2000 12:30,0.976,52.98,"THEO & regression for bypass2","Digital Archive","",""
02/01/2001 16:15,1.463,108.60,"THEO & regression for bypass4","Digital Archive","",""
28/01/2001 23:45,1.243,82.17,"THEO & regression for bypass3","Digital Archive","",""
06/02/2001 18:15,1.175,74.83,"THEO & regression for bypass3","Digital Archive","",""
14/02/2001 04:45,1.072,63.59,"THEO & regression for bypass3","Digital Archive","",""
27/02/2001 23:15,0.867,40.72,"THEO & regression for bypass2","Digital Archive","",""
08/03/2001 06:15,0.992,54.76,"THEO & regression for bypass2","Digital Archive","",""
13/03/2001 01:15,0.950,50.08,"THEO & regression for bypass2","Digital Archive","",""
23/03/2001 08:45,1.197,77.21,"THEO & regression for bypass3","Digital Archive","",""
29/03/2001 05:15,1.049,61.06,"THEO & regression for bypass3","Digital Archive","",""
05/04/2001 14:30,1.082,64.69,"THEO & regression for bypass3","Digital Archive","",""
24/04/2001 03:00,0.869,40.95,"THEO & regression for bypass2","Digital Archive","",""
28/01/2002 20:45,1.098,66.44,"THEO & regression for bypass3","Digital Archive","",""
06/02/2002 13:00,1.345,93.10,"THEO & regression for bypass3","Digital Archive","",""
21/02/2002 15:15,0.944,49.40,"THEO & regression for bypass2","Digital Archive","",""
27/02/2002 16:15,1.001,55.76,"THEO & regression for bypass2","Digital Archive","",""
19/03/2002 22:15,0.980,53.42,"THEO & regression for bypass2","Digital Archive","",""
17/10/2002 21:30,0.927,47.50,"THEO & regression for bypass2","Digital Archive","",""
08/11/2002 09:15,0.933,48.17,"THEO & regression for bypass2","Digital Archive","",""
15/11/2002 09:00,1.735,165.19,"THEO & regression for bypass4","Digital Archive","",""
24/11/2002 20:15,1.577,132.32,"THEO & regression for bypass4","Digital Archive","",""
30/11/2002 01:30,1.118,68.63,"THEO & regression for bypass3","Digital Archive","",""
16/12/2002 09:30,0.873,41.40,"THEO & regression for bypass2","Digital Archive","",""
24/12/2002 09:30,1.167,73.96,"THEO & regression for bypass3","Digital Archive","",""
29/12/2002 09:30,1.202,77.75,"THEO & regression for bypass3","Digital Archive","",""
03/01/2003 03:30,1.590,135.02,"THEO & regression for bypass4","Digital Archive","",""
22/01/2003 01:45,1.501,116.51,"THEO & regression for bypass4","Digital Archive","",""
02/02/2003 15:15,0.888,43.10,"THEO & regression for bypass2","Digital Archive","",""
10/02/2003 14:30,0.920,46.71,"THEO & regression for bypass2","Digital Archive","",""
08/03/2003 18:45,0.889,43.22,"THEO & regression for bypass2","Digital Archive","",""
28/11/2003 00:00,0.805,33.63,"THEO & regression for bypass2","Digital Archive","Series used : 433710SG,433710SG,",""
03/12/2003 15:15,1.031,59.08,"THEO & regression for bypass3","Digital Archive","Series used : 433710SG,433710SG,",""
14/12/2003 23:15,0.747,26.89,"THEO & regression for bypass2","Digital Archive","Series used : 433710SG,433710SG,",""
22/12/2003 10:00,0.673,18.09,"THEO & regression for bypass2","Digital Archive","Series used : 433710SG,433710SG,",""
30/12/2003 20:30,0.755,27.82,"THEO & regression for bypass2","Digital Archive","Series used : 433710SG,433710SG,",""
10/01/2004 14:30,1.001,55.76,"THEO & regression for bypass2","Digital Archive","Series used : 433710SG,433710SG,",""
14/01/2004 22:00,1.167,73.96,"THEO & regression for bypass3","Digital Archive","Series used : 433710SG,433710SG,",""
03/02/2004 23:45,1.179,75.26,"THEO & regression for bypass3","Digital Archive","Series used : 433710SG,433710SG,",""
08/02/2004 00:45,0.975,52.87,"THEO & regression for bypass2","Digital Archive","Series used : 433710SG,433710SG,",""
15/03/2004 16:45,0.767,29.23,"THEO & regression for bypass2","Digital Archive","Series used : 433710SG,433710SG,",""
21/03/2004 00:00,0.712,22.76,"THEO & regression for bypass2","Digital Archive","Series used : 433710SG,433710SG,",""
05/04/2004 09:00,0.731,25.01,"THEO & regression for bypass2","Digital Archive","Series used : 433710SG,433710SG,",""
23/04/2004 01:30,0.881,42.31,"THEO & regression for bypass2","Digital Archive","Series used : 433710SG,433710SG,",""
06/05/2004 18:30,0.715,23.11,"THEO & regression for bypass2","Digital Archive","Series used : 433710SG,433710SG,",""
06/10/2004 08:30,0.693,20.49,"THEO & regression for bypass2","Digital Archive","Series used : 433710SG,433710SG,",""
15/10/2004 18:30,0.799,32.94,"THEO & regression for bypass2","Digital Archive","Series used : 433710SG,433710SG,",""
25/10/2004 14:00,0.873,41.40,"THEO & regression for bypass2","Digital Archive","Series used : 433710SG,433710SG,",""
31/10/2004 11:15,1.006,56.31,"THEO & regression for bypass2","Digital Archive","Series used : 433710SG,433710SG,",""
22/11/2004 16:15,0.681,19.05,"THEO & regression for bypass2","Digital Archive","Series used : 433710SG,433710SG,",""
21/12/2004 17:15,1.124,69.28,"THEO & regression for bypass3","Digital Archive","Series used : 433710SG,433710SG,",""
29/12/2004 13:30,0.809,34.09,"THEO & regression for bypass2","Digital Archive","Series used : 433710SG,433710SG,",""
12/01/2005 00:30,0.813,34.55,"THEO & regression for bypass2","Digital Archive","Series used : 433710SG,433710SG,",""
24/01/2005 07:45,0.802,33.28,"THEO & regression for bypass2","Digital Archive","Series used : 433710SG,433710SG,",""
07/02/2005 08:30,0.756,27.94,"THEO & regression for bypass2","Digital Archive","Series used : 433710SG,433710SG,",""
13/02/2005 16:30,0.733,25.24,"THEO & regression for bypass2","Digital Archive","Series used : 433710SG,433710SG,",""
31/03/2005 11:00,0.847,38.45,"THEO & regression for bypass2","Digital Archive","Series used : 433710SG,433710SG,",""
19/04/2005 14:00,0.790,31.90,"THEO & regression for bypass2","Digital Archive","Series used : 433710SG,433710SG,",""
29/04/2005 08:30,0.727,24.53,"THEO & regression for bypass2","Digital Archive","Series used : 433710SG,433710SG,",""
04/11/2005 01:30,0.838,37.42,"THEO & regression for bypass2","Digital Archive","Series used : 433710SG,433710SG,",""
08/11/2005 20:00,0.958,50.97,"THEO & regression for bypass2","Digital Archive","Series used : 433710SG,433710SG,",""
04/12/2005 01:30,1.546,125.87,"THEO & regression for bypass4","Digital Archive","Series used : 433710SG,433710SG,",""
09/12/2005 13:15,0.892,43.56,"THEO & regression for bypass2","Digital Archive","Series used : 433710SG,433710SG,",""
02/01/2006 13:00,0.757,28.06,"THEO & regression for bypass2","Digital Archive","Series used : 433710SG,433710SG,",""
16/02/2006 21:30,0.892,43.56,"THEO & regression for bypass2","Digital Archive","Series used : 433710SG,433710SG,",""
21/02/2006 17:45,0.946,49.63,"THEO & regression for bypass2","Digital Archive","Series used : 433710SG,433710SG,",""
31/03/2006 08:45,0.825,35.93,"THEO & regression for bypass2","Digital Archive","Series used : 433710SG,433710SG,",""
24/05/2006 02:30,0.833,36.85,"THEO & regression for bypass2","Digital Archive","Series used : 433710SG,433710SG,",""
27/11/2006 13:00,1.341,92.68,"THEO & regression for bypass3","433710.SG.HiUKPOT","",""
01/01/2007 05:00,1.403,99.27,"THEO & regression for bypass3","433710.SG.HiUKPOT","",""
08/03/2007 00:00,1.356,94.28,"THEO & regression for bypass3","433710.SG.HiUKPOT","",""
04/07/2007 19:45,1.058,62.05,"THEO & regression for bypass3","433710.SG.HiUKPOT","",""
22/11/2007 11:15,1.121,68.95,"THEO & regression for bypass3","433710.SG.HiUKPOT","",""
17/01/2008 01:45,1.426,101.71,"THEO & regression for bypass3","433710.SG.HiUKPOT","",""
18/03/2008 08:30,1.297,87.97,"THEO & regression for bypass3","433710.SG.HiUKPOT","",""
13/11/2008 01:45,1.085,65.02,"THEO & regression for bypass3","433710.SG.HiUKPOT","",""
15/12/2008 15:45,1.277,85.83,"THEO & regression for bypass3","433710.SG.HiUKPOT","",""
25/01/2009 08:00,1.118,68.63,"THEO & regression for bypass3","433710.SG.HiUKPOT","",""
11/02/2009 13:30,1.555,127.74,"THEO & regression for bypass4","433710.SG.HiUKPOT","",""
16/11/2009 21:30,1.088,65.34,"THEO & regression for bypass3","433710.SG.HiUKPOT","",""
09/12/2009 21:30,1.244,82.28,"THEO & regression for bypass3","433710.SG.HiUKPOT","",""
19/01/2010 03:30,1.151,72.22,"THEO & regression for bypass3","433710.SG.HiUKPOT","",""
24/01/2010 15:45,1.054,61.61,"THEO & regression for bypass3","433710.SG.HiUKPOT","",""
19/01/2011 17:15,1.051,61.30,"THEO & regression for bypass3","Digital Archive","","AMAX ONLY"
27/04/2012 21:45,1.258,83.81,"THEO & regression for bypass3","Digital Archive","",""
02/05/2012 06:45,1.315,89.92,"THEO & regression for bypass3","Digital Archive","",""
09/07/2012 19:45,1.797,178.09,"THEO & regression for bypass4","Digital Archive","",""
26/11/2012 16:15,1.620,141.27,"THEO & regression for bypass4","Digital Archive","",""
22/12/2012 11:45,1.422,101.30,"THEO & regression for bypass3","Digital Archive","",""
31/12/2012 15:15,1.151,72.21,"THEO & regression for bypass3","Digital Archive","",""
14/01/2013 21:45,1.180,75.42,"THEO & regression for bypass3","Digital Archive","",""
29/01/2013 07:45,1.236,81.44,"THEO & regression for bypass3","Digital Archive","",""
12/02/2013 09:00,1.098,66.46,"THEO & regression for bypass3","Digital Archive","",""
25/12/2013 06:00,1.911,201.81,"THEO & regression for bypass4","Digital Archive","",""
05/01/2014 22:00,1.698,157.50,"THEO & regression for bypass4","Digital Archive","",""
19/01/2014 01:45,1.280,86.17,"THEO & regression for bypass3","Digital Archive","",""
28/01/2014 10:45,1.118,68.64,"THEO & regression for bypass3","Digital Archive","",""
03/02/2014 03:00,1.204,77.98,"THEO & regression for bypass3","Digital Archive","",""
08/02/2014 21:45,1.462,108.40,"THEO & regression for bypass4","Digital Archive","",""
16/02/2014 14:30,1.425,101.62,"THEO & regression for bypass3","Digital Archive","",""
04/03/2014 22:45,1.137,70.71,"THEO & regression for bypass3","Digital Archive","",""
17/01/2015 10:00,1.110,67.77,"THEO & regression for bypass3","Digital Archive","",""
05/01/2016 17:30,1.274,85.52,"THEO & regression for bypass3","Digital Archive","",""
13/01/2016 12:45,1.221,79.82,"THEO & regression for bypass3","Digital Archive","",""
29/01/2016 06:30,1.093,65.91,"THEO & regression for bypass3","Digital Archive","",""
09/02/2016 01:45,1.368,95.57,"THEO & regression for bypass3","Digital Archive","",""
11/03/2016 10:45,1.064,62.73,"THEO & regression for bypass3","Digital Archive","",""
30/03/2016 04:30,1.328,91.31,"THEO & regression for bypass3","Digital Archive","",""
