"NAME:","Exe at Stoodleigh"
"NUMBER:","45002"
"DATE","STAGE (m)","FLOW (m^3/s)","RATING","SOURCE","COMMENT","AMAX ONLY"
03/04/1960 12:00,2.798,97.20,"01 [migrated]3","CEH files","",""
01/10/1960 09:00,3.060,122.63,"01 [migrated]3","CEH files","",""
02/10/1960 00:00,2.830,100.11,"01 [migrated]3","CEH files","",""
06/10/1960 00:00,2.880,104.77,"01 [migrated]3","CEH files","",""
08/10/1960 00:00,3.540,185.64,"01 [migrated]4","CEH files","",""
26/10/1960 00:00,3.370,157.54,"01 [migrated]3","CEH files","",""
04/12/1960 00:00,4.600,400.00,"01 [migrated]5","CEH files","Best estimate of peak, reasonable compared with Thorverton. Some uncertainty of peak stage, and there was bypass flow through breach in road embankment.",""
06/12/1960 00:00,2.960,112.49,"01 [migrated]3","CEH files","",""
02/01/1961 00:00,3.120,128.97,"01 [migrated]3","CEH files","",""
29/01/1961 00:00,3.090,125.77,"01 [migrated]3","CEH files","",""
03/02/1961 00:00,2.860,102.89,"01 [migrated]3","CEH files","",""
10/12/1961 00:00,2.810,98.28,"01 [migrated]3","CEH files","",""
11/12/1961 00:00,2.830,100.11,"01 [migrated]3","CEH files","",""
17/11/1963 20:00,2.979,114.37,"01 [migrated]3","Digital Archive","",""
19/11/1963 16:00,3.413,162.82,"01 [migrated]3","Digital Archive","",""
17/11/1964 20:00,2.956,112.10,"01 [migrated]3","Digital Archive","Non-independent peak removed B",""
13/12/1964 12:00,3.449,167.57,"01 [migrated]4","Digital Archive","Non-independent peak removed B",""
16/01/1965 15:00,3.355,155.73,"01 [migrated]3","Digital Archive","",""
29/11/1965 08:00,2.872,104.01,"01 [migrated]3","Digital Archive","",""
05/12/1965 12:00,2.820,99.19,"01 [migrated]3","Digital Archive","",""
09/12/1965 20:00,3.586,195.26,"01 [migrated]4","Digital Archive","",""
19/12/1965 01:00,3.864,290.54,"01 [migrated]5","Digital Archive","",""
01/01/1966 05:00,2.833,100.38,"01 [migrated]3","Digital Archive","Non-independent peak removed A",""
19/04/1966 18:00,2.733,91.44,"01 [migrated]3","Digital Archive","",""
10/12/1966 13:00,2.939,110.43,"01 [migrated]3","Digital Archive","",""
13/12/1966 11:00,3.163,133.63,"01 [migrated]3","Digital Archive","",""
29/12/1966 13:00,3.105,127.36,"01 [migrated]3","Digital Archive","",""
31/12/1966 11:00,3.354,155.61,"01 [migrated]3","Digital Archive","",""
21/02/1967 00:00,3.309,150.25,"01 [migrated]3","Digital Archive","",""
28/02/1967 02:00,3.175,134.95,"01 [migrated]3","Digital Archive","",""
31/10/1967 13:00,3.105,127.36,"01 [migrated]3","Digital Archive","Non-independent peak removed A",""
04/11/1967 21:00,2.962,112.69,"01 [migrated]3","Digital Archive","",""
23/12/1967 08:00,3.093,126.09,"01 [migrated]3","Digital Archive","",""
09/01/1968 13:00,3.462,170.08,"01 [migrated]4","Digital Archive","",""
11/07/1968 04:00,3.486,174.76,"01 [migrated]4","Digital Archive","",""
19/09/1969 01:00,2.754,93.28,"01 [migrated]3","Digital Archive","",""
21/02/1970 09:00,3.120,128.97,"01 [migrated]3","Digital Archive","Non-independent peak removed",""
02/11/1970 14:00,3.488,175.16,"01 [migrated]4","Digital Archive","",""
23/11/1970 09:00,2.734,91.53,"01 [migrated]3","Digital Archive","",""
26/01/1971 04:00,3.154,132.65,"01 [migrated]3","Digital Archive","",""
19/10/1971 16:00,2.849,101.86,"01 [migrated]3","Digital Archive","",""
21/11/1971 05:00,3.228,140.88,"01 [migrated]3","Digital Archive","",""
13/11/1972 00:00,3.025,119.02,"01 [migrated]3","Digital Archive","",""
06/12/1972 21:00,3.080,124.72,"01 [migrated]3","Digital Archive","",""
12/02/1973 15:00,2.749,92.84,"01 [migrated]3","Digital Archive","",""
09/02/1974 09:00,3.251,143.50,"01 [migrated]3","Digital Archive","",""
11/02/1974 06:00,2.804,97.74,"01 [migrated]3","Digital Archive","Non-independent peak removed A",""
05/09/1974 12:00,2.809,98.19,"01 [migrated]3","Digital Archive","",""
27/09/1974 12:00,3.543,186.25,"01 [migrated]4","Digital Archive","",""
27/12/1974 07:00,3.044,120.97,"01 [migrated]3","Digital Archive","Non-independent peak removed A",""
20/01/1975 09:00,3.059,122.52,"02 [migrated]4","Digital Archive","",""
22/01/1975 19:00,3.156,132.87,"02 [migrated]4","Digital Archive","",""
28/01/1975 17:00,3.396,160.72,"02 [migrated]4","Digital Archive","",""
02/12/1975 00:00,3.148,131.99,"02 [migrated]4","Digital Archive","",""
12/02/1976 22:00,2.808,98.10,"02 [migrated]4","Digital Archive","",""
15/10/1976 11:00,3.077,124.40,"02 [migrated]4","Digital Archive","",""
02/12/1976 04:00,2.825,99.65,"02 [migrated]4","Digital Archive","Non-independent peak removed B",""
11/01/1978 02:00,2.952,111.70,"02 [migrated]4","Digital Archive","",""
11/03/1979 18:00,2.751,92.49,"03 [migrated]3","Digital Archive","",""
10/12/1979 00:00,3.164,132.82,"03 [migrated]3","Digital Archive","",""
27/12/1979 21:00,3.509,179.34,"03 [migrated]4","Digital Archive","",""
08/02/1980 17:00,2.806,97.43,"03 [migrated]3","Digital Archive","",""
16/10/1980 12:45,2.838,100.37,"03 [migrated]3","Digital Archive","",""
15/11/1980 15:45,3.112,127.33,"03 [migrated]3","Digital Archive","",""
17/11/1980 15:15,2.896,105.80,"03 [migrated]3","Digital Archive","",""
09/03/1981 22:00,3.709,222.66,"03 [migrated]4","Digital Archive","",""
14/12/1981 03:15,2.815,96.87,"04 [migrated]2","Digital Archive","Non-independent peak removed A",""
10/03/1982 05:00,3.009,114.40,"04 [migrated]2","Digital Archive","",""
12/11/1982 09:15,3.068,120.00,"04 [migrated]2","Digital Archive","",""
10/12/1982 00:45,2.843,99.31,"04 [migrated]2","Digital Archive","",""
19/12/1982 18:00,3.681,216.21,"04 [migrated]3","Digital Archive","",""
04/01/1983 08:15,3.318,145.13,"04 [migrated]2","Digital Archive","Non-independent peak removed",""
08/01/1983 02:00,2.909,105.19,"04 [migrated]2","Digital Archive","",""
31/01/1983 19:15,3.469,171.43,"04 [migrated]3","Digital Archive","",""
20/12/1983 12:45,2.975,111.23,"04 [migrated]2","Digital Archive","",""
03/01/1984 00:15,2.784,94.19,"04 [migrated]2","Digital Archive","",""
13/01/1984 08:00,3.275,140.65,"04 [migrated]2","Digital Archive","",""
16/01/1984 20:00,3.239,136.95,"04 [migrated]2","Digital Archive","",""
27/01/1984 09:00,3.112,124.26,"04 [migrated]2","Digital Archive","",""
07/02/1984 04:00,3.096,122.71,"04 [migrated]2","Digital Archive","",""
23/11/1984 21:15,2.758,91.98,"04 [migrated]2","Digital Archive","",""
24/12/1985 06:15,3.516,180.75,"04 [migrated]3","Digital Archive","",""
26/12/1985 12:00,3.467,171.04,"04 [migrated]3","Digital Archive","",""
10/01/1986 12:15,2.967,110.49,"04 [migrated]2","Digital Archive","",""
14/11/1986 13:45,2.966,110.40,"04 [migrated]2","Digital Archive","",""
19/11/1986 09:45,3.312,144.50,"04 [migrated]2","Digital Archive","",""
15/12/1986 14:30,2.792,94.88,"04 [migrated]2","Digital Archive","",""
01/01/1987 07:45,2.906,104.92,"04 [migrated]2","Digital Archive","",""
04/04/1987 01:45,2.827,97.91,"04 [migrated]2","Digital Archive","",""
02/01/1988 14:15,2.787,94.45,"04 [migrated]2","Digital Archive","",""
24/01/1988 05:45,2.729,89.54,"04 [migrated]2","Digital Archive","",""
01/02/1988 04:00,2.759,92.06,"04 [migrated]2","Digital Archive","",""
06/10/1988 10:45,2.949,108.85,"04 [migrated]2","Digital Archive","",""
09/10/1988 10:00,2.900,104.35,"04 [migrated]2","Digital Archive","",""
18/02/1989 09:30,2.779,93.77,"04 [migrated]2","Digital Archive","Non-independent peak removed A",""
14/03/1989 23:00,2.909,105.19,"04 [migrated]2","Digital Archive","",""
28/01/1990 03:00,2.756,91.81,"04 [migrated]2","Digital Archive","",""
11/02/1990 19:45,2.770,93.00,"04 [migrated]2","Digital Archive","",""
13/02/1990 23:15,2.842,99.23,"04 [migrated]2","Digital Archive","",""
26/12/1990 15:15,2.815,96.87,"04 [migrated]2","Digital Archive","Non-independent peak removed B",""
02/01/1991 03:15,3.203,133.30,"04 [migrated]2","Digital Archive","",""
23/02/1991 01:45,2.787,94.45,"04 [migrated]2","Digital Archive","",""
21/12/1991 20:30,3.275,140.65,"04 [migrated]2","Digital Archive","",""
30/11/1992 16:00,3.250,138.08,"04 [migrated]2","Digital Archive","",""
02/12/1992 19:30,3.045,117.80,"04 [migrated]2","Digital Archive","",""
10/01/1993 17:00,2.790,94.71,"04 [migrated]2","Digital Archive","",""
20/01/1993 11:30,2.739,90.37,"04 [migrated]2","Digital Archive","",""
12/12/1993 19:00,3.099,123.00,"04 [migrated]2","Digital Archive","",""
19/12/1993 08:15,3.466,170.85,"04 [migrated]3","Digital Archive","Non-independent peak removed A",""
05/01/1994 10:30,3.019,115.34,"04 [migrated]2","Digital Archive","",""
04/04/1994 04:00,3.019,115.34,"04 [migrated]2","Digital Archive","",""
08/04/1994 19:15,3.024,115.81,"04 [migrated]2","Digital Archive","",""
31/10/1994 03:30,3.661,211.67,"04 [migrated]3","Digital Archive","Genuine peak, noisy, part of rising limb missing.",""
08/12/1994 12:15,2.748,91.13,"052","Digital Archive","Non-independent peak removed B",""
28/12/1994 06:30,3.608,199.98,"053","Digital Archive","Genuine peak, noisy.",""
27/01/1995 20:45,3.533,184.20,"053","Digital Archive","",""
29/01/1995 12:15,3.303,143.56,"052","Digital Archive","",""
01/02/1995 08:45,2.935,107.55,"052","Digital Archive","",""
22/12/1995 23:45,2.971,110.86,"052","Digital Archive","",""
29/11/1996 16:15,2.861,100.90,"052","Digital Archive","",""
12/02/1997 13:45,2.978,111.51,"052","Digital Archive","",""
27/06/1997 15:15,2.938,107.83,"052","Digital Archive","",""
10/10/1997 03:00,2.878,102.41,"052","Digital Archive","",""
28/11/1997 18:30,2.921,106.28,"052","Digital Archive","",""
03/01/1998 12:30,3.413,160.77,"053","Digital Archive","",""
05/01/1998 14:00,3.098,122.90,"052","Digital Archive","",""
07/03/1998 05:45,3.361,151.29,"053","Digital Archive","",""
24/10/1998 18:30,3.642,207.43,"053","Digital Archive","Genuine peak, flat topped.",""
28/10/1998 10:00,3.074,120.58,"052","Digital Archive","Non-independent peak removed B",""
31/10/1998 17:00,3.571,192.08,"053","Digital Archive","",""
26/12/1998 18:30,3.212,134.20,"052","Digital Archive","Non-independent peak removed B",""
04/01/1999 09:30,3.065,119.72,"052","Digital Archive","Non-independent peak removed B",""
16/01/1999 07:30,3.136,126.62,"052","Digital Archive","",""
19/01/1999 23:30,3.462,170.08,"053","Digital Archive","",""
02/03/1999 21:30,3.024,115.81,"052","Digital Archive","",""
11/12/1999 14:15,3.138,126.81,"052","Digital Archive","",""
19/12/1999 02:30,3.526,182.77,"053","Digital Archive","",""
26/12/1999 06:45,3.261,139.21,"052","Digital Archive","",""
29/02/2000 14:30,2.808,96.26,"052","Digital Archive","",""
03/03/2000 11:45,3.139,126.91,"052","Digital Archive","",""
30/10/2000 07:15,3.749,237.39,"054","Digital Archive","Genuine peak, noisy.",""
05/11/2000 22:45,3.240,142.73,"063","Digital Archive","",""
26/11/2000 08:45,3.018,121.16,"063","Digital Archive","",""
08/12/2000 00:45,3.617,201.93,"064","Digital Archive","Genuine peak, slightly noisy.",""
13/12/2000 00:00,2.740,96.36,"063","Digital Archive","Non-independent peak removed B",""
01/01/2001 03:00,2.886,109.07,"063","Digital Archive","",""
12/02/2001 18:00,2.704,93.33,"063","Digital Archive","",""
01/12/2001 07:30,2.786,100.29,"063","Digital Archive","",""
05/12/2001 10:45,2.690,92.16,"063","Digital Archive","Non-independent peak removed B",""
26/01/2002 16:30,3.236,142.33,"063","Digital Archive","Non-independent peak removed",""
28/01/2002 06:45,2.812,102.54,"063","Digital Archive","Non-independent peak removed A",""
04/02/2002 20:00,2.968,116.52,"063","Digital Archive","",""
11/02/2002 14:30,3.292,148.01,"063","Digital Archive","",""
20/02/2002 06:45,3.065,125.60,"063","Digital Archive","",""
26/02/2002 07:00,3.424,162.83,"064","Digital Archive","",""
14/11/2002 04:15,3.045,123.70,"063","Digital Archive","",""
29/12/2002 13:00,2.836,104.64,"063","Digital Archive","",""
01/01/2003 20:15,3.038,123.04,"063","Digital Archive","",""
13/12/2003 13:45,3.318,150.68,"063","Digital Archive","Series used : SS91F008SG,SS91F008SG,",""
12/01/2004 13:15,3.144,133.22,"063","Digital Archive","Series used : SS91F008SG,SS91F008SG,",""
19/12/2004 04:30,2.976,117.26,"063","Digital Archive","Series used : SS91F008SG,SS91F008SG,",""
12/02/2005 10:00,2.909,111.14,"063","Digital Archive","Series used : SS91F008SG,SS91F008SG,",""
06/11/2005 14:00,3.121,130.98,"063","Digital Archive","Series used : SS91F008SG,SS91F008SG,",""
25/11/2006 05:00,3.178,136.55,"063","Digital Archive","",""
10/01/2007 04:45,2.875,108.09,"063","Digital Archive","",""
02/12/2007 14:30,2.921,112.23,"063","Digital Archive","",""
07/12/2007 02:15,3.067,125.79,"063","Digital Archive","",""
08/12/2007 16:15,3.423,162.64,"064","Digital Archive","",""
15/01/2008 11:30,2.789,100.55,"063","Digital Archive","",""
09/07/2008 18:45,3.039,123.14,"063","Digital Archive","",""
06/09/2008 00:15,3.328,151.71,"063","Digital Archive","",""
13/12/2008 08:15,3.085,127.51,"063","Digital Archive","",""
29/07/2009 21:45,2.947,114.59,"063","Digital Archive","",""
23/11/2009 12:30,2.740,96.36,"063","Digital Archive","",""
25/11/2009 06:00,2.690,92.16,"063","Digital Archive","",""
27/11/2009 17:30,2.949,114.77,"063","Digital Archive","",""
16/01/2010 10:45,2.666,90.18,"063","Digital Archive","",""
13/01/2011 08:45,3.193,138.04,"063","Digital Archive","",""
13/12/2011 02:15,2.821,103.33,"063","Digital Archive","",""
03/01/2012 15:00,3.410,160.29,"063","Digital Archive","",""
05/01/2012 05:45,2.967,116.43,"063","Digital Archive","",""
30/04/2012 12:00,3.329,151.81,"063","Digital Archive","",""
24/06/2012 05:00,2.828,103.94,"063","Digital Archive","",""
07/07/2012 11:15,2.831,104.20,"063","Digital Archive","",""
11/10/2012 19:30,2.957,115.51,"063","Digital Archive","",""
21/11/2012 11:45,3.144,133.22,"063","Digital Archive","",""
25/11/2012 03:15,3.534,184.41,"064","Digital Archive","",""
27/11/2012 11:15,2.949,114.77,"063","Digital Archive","",""
23/12/2012 00:30,3.847,282.21,"074","Digital Archive","",""
27/01/2013 08:30,3.260,144.75,"072","Digital Archive","",""
30/01/2013 05:00,3.424,162.83,"073","Digital Archive","",""
28/10/2013 12:00,3.129,131.75,"072","Digital Archive","",""
04/11/2013 04:30,2.780,99.77,"072","Digital Archive","",""
07/11/2013 03:15,2.740,96.36,"072","Digital Archive","",""
24/12/2013 04:00,3.275,146.28,"072","Digital Archive","",""
01/01/2014 17:30,2.658,89.52,"072","Digital Archive","",""
05/02/2014 16:45,2.829,104.03,"072","Digital Archive","",""
09/02/2014 11:00,2.711,93.91,"072","Digital Archive","",""
12/12/2014 09:00,2.877,108.27,"072","Digital Archive","",""
19/12/2014 09:15,2.966,116.33,"072","Digital Archive","",""
15/01/2015 04:45,2.915,111.68,"072","Digital Archive","",""
26/02/2015 14:45,2.665,90.10,"072","Digital Archive","",""
01/12/2015 03:30,2.880,108.54,"072","Digital Archive","",""
03/01/2016 15:15,2.949,114.77,"072","Digital Archive","",""
30/01/2016 05:15,2.855,106.32,"072","Digital Archive","",""
06/02/2016 20:45,3.181,136.85,"072","Digital Archive","",""
10/02/2016 09:45,2.836,104.64,"072","Digital Archive","",""
