"NAME:","Irfon at Abernant"
"NUMBER:","55004"
"DATE","STAGE (m)","FLOW (m^3/s)","RATING","SOURCE","COMMENT","AMAX ONLY"
14/01/1938 12:00,1.620,37.62,"1a","CEH POTS 5-10-72","Threshold 1.577 applied",""
01/06/1938 00:00,1.650,39.45,"1a","CEH POTS 5-10-72","Threshold 1.577 applied",""
03/10/1938 00:00,1.650,39.45,"1a","CEH POTS 5-10-72","Threshold 1.577 applied",""
06/10/1938 00:00,1.740,44.89,"1a","CEH POTS 5-10-72","Threshold 1.577 applied",""
08/10/1938 00:00,1.720,43.68,"1a","CEH POTS 5-10-72","Threshold 1.577 applied",""
25/11/1938 00:00,1.770,46.69,"1a","CEH POTS 5-10-72","Threshold 1.577 applied",""
14/01/1939 00:00,2.040,62.60,"1a","CEH POTS 5-10-72","Threshold 1.577 applied",""
06/07/1939 00:00,1.620,37.62,"1a","CEH POTS 5-10-72","Threshold 1.577 applied",""
08/07/1939 00:00,1.590,35.78,"1a","CEH POTS 5-10-72","Threshold 1.577 applied",""
28/07/1939 00:00,1.740,44.89,"1a","CEH POTS 5-10-72","Threshold 1.577 applied",""
29/07/1939 00:00,2.130,67.81,"1a","CEH POTS 5-10-72","Threshold 1.577 applied",""
16/11/1939 00:00,1.680,41.27,"1a","CEH POTS 5-10-72","Threshold 1.577 applied",""
18/11/1939 00:00,1.620,37.62,"1a","CEH POTS 5-10-72","Threshold 1.577 applied",""
25/11/1939 00:00,1.810,49.07,"1a","CEH POTS 5-10-72","Threshold 1.577 applied",""
07/02/1940 00:00,1.600,36.39,"1a","CEH POTS 5-10-72","Threshold 1.577 applied",""
31/10/1940 00:00,1.650,39.45,"1a","CEH POTS 5-10-72","Threshold 1.577 applied",""
02/11/1940 09:00,1.830,50.26,"1a","CEH POTS 5-10-72","Threshold 1.577 applied",""
02/11/1940 12:00,1.810,49.07,"1a","CEH POTS 5-10-72","Threshold 1.577 applied",""
11/11/1940 00:00,1.650,39.45,"1a","CEH POTS 5-10-72","Threshold 1.577 applied",""
21/11/1940 00:00,1.650,39.45,"1a","CEH POTS 5-10-72","Threshold 1.577 applied",""
17/10/1941 00:00,1.660,40.06,"1a","CEH POTS 5-10-72","Threshold 1.577 applied",""
23/01/1942 00:00,1.620,37.62,"1a","CEH POTS 5-10-72","Threshold 1.577 applied",""
26/05/1942 00:00,1.580,35.16,"1a","CEH POTS 5-10-72","Threshold 1.577 applied",""
11/12/1942 00:00,1.620,37.62,"1a","CEH POTS 5-10-72","Threshold 1.577 applied",""
31/01/1943 00:00,1.750,45.49,"1a","CEH POTS 5-10-72","Threshold 1.577 applied",""
10/05/1943 00:00,1.680,41.27,"1a","CEH POTS 5-10-72","Threshold 1.577 applied",""
19/09/1943 00:00,1.650,39.45,"1a","CEH POTS 5-10-72","Threshold 1.577 applied",""
22/01/1944 00:00,1.750,45.49,"1a","CEH POTS 5-10-72","Threshold 1.577 applied",""
27/12/1944 00:00,1.820,49.67,"1a","CEH POTS 5-10-72","Threshold 1.577 applied",""
01/02/1945 00:00,1.620,37.62,"1a","CEH POTS 5-10-72","Threshold 1.577 applied",""
01/04/1945 00:00,1.620,37.62,"1a","CEH POTS 5-10-72","Threshold 1.577 applied",""
15/12/1945 00:00,1.590,35.78,"1a","CEH POTS 5-10-72","Threshold 1.577 applied",""
06/02/1946 00:00,1.940,56.76,"1a","CEH POTS 5-10-72","Threshold 1.577 applied",""
11/08/1946 00:00,1.670,38.63,"2a","CEH POTS 5-10-72","Threshold 1.610 applied",""
04/09/1946 00:00,1.840,49.96,"2a","CEH POTS 5-10-72","Threshold 1.610 applied",""
19/09/1946 12:00,2.230,81.17,"2b","CEH POTS 5-10-72","Threshold 1.610 applied",""
02/10/1946 00:00,1.620,35.60,"2a","CEH POTS 5-10-72","Threshold 1.610 applied",""
21/11/1946 12:00,1.690,39.87,"2a","CEH POTS 5-10-72","Threshold 1.610 applied",""
23/11/1946 12:00,1.920,55.87,"2a","CEH POTS 5-10-72","Non-independent peak removed Threshold 1.610 applied",""
27/11/1946 00:00,1.670,38.63,"2a","CEH POTS 5-10-72","Threshold 1.610 applied",""
14/01/1947 00:00,1.690,39.87,"2a","CEH POTS 5-10-72","Threshold 1.610 applied",""
12/03/1947 00:00,1.830,49.25,"2a","CEH POTS 5-10-72","Threshold 1.610 applied",""
18/03/1947 12:00,2.010,62.97,"2a","CEH POTS 5-10-72","Threshold 1.610 applied",""
21/03/1947 00:00,1.710,41.14,"2a","CEH POTS 5-10-72","Threshold 1.610 applied",""
05/04/1947 00:00,1.630,36.20,"2a","CEH POTS 5-10-72","Threshold 1.610 applied",""
26/12/1947 00:00,1.690,39.87,"2a","CEH POTS 5-10-72","Threshold 1.610 applied",""
10/01/1948 09:00,1.920,55.87,"2a","CEH POTS 5-10-72","Threshold 1.610 applied",""
12/01/1948 00:00,2.090,69.69,"2a","CEH POTS 5-10-72","Threshold 1.610 applied",""
02/02/1948 00:00,1.710,41.14,"2a","CEH POTS 5-10-72","Threshold 1.610 applied",""
06/06/1948 00:00,1.760,44.42,"2a","CEH POTS 5-10-72","Threshold 1.610 applied",""
12/09/1948 00:00,2.440,96.32,"2b","CEH POTS 5-10-72","Threshold 1.610 applied. Peak exceeds upper limit and bankful, flow extrapolated",""
11/12/1948 00:00,1.660,38.01,"2a","CEH POTS 5-10-72","Threshold 1.610 applied",""
13/12/1948 00:00,1.650,37.40,"2a","CEH POTS 5-10-72","Threshold 1.610 applied",""
30/12/1948 00:00,2.070,67.98,"2a","CEH POTS 5-10-72","Threshold 1.610 applied",""
31/12/1948 00:00,1.780,45.77,"2a","CEH POTS 5-10-72","Threshold 1.610 applied",""
03/04/1949 00:00,1.820,48.54,"2a","CEH POTS 5-10-72","Threshold 1.610 applied",""
05/04/1949 00:00,1.650,37.40,"2a","CEH POTS 5-10-72","Threshold 1.610 applied",""
06/04/1949 00:00,1.650,37.40,"2a","CEH POTS 5-10-72","Threshold 1.610 applied",""
28/05/1949 00:00,1.660,38.01,"2a","CEH POTS 5-10-72","Threshold 1.610 applied",""
18/10/1949 00:00,1.740,43.09,"2a","CEH POTS 5-10-72","Threshold 1.610 applied",""
09/02/1950 00:00,1.900,54.36,"2a","CEH POTS 5-10-72","Threshold 1.610 applied",""
06/09/1950 00:00,1.750,43.75,"2a","CEH POTS 5-10-72","Threshold 1.610 applied",""
14/09/1950 00:00,1.650,37.40,"2a","CEH POTS 5-10-72","Threshold 1.610 applied",""
24/09/1950 00:00,1.660,38.01,"2a","CEH POTS 5-10-72","Threshold 1.610 applied",""
27/11/1950 00:00,1.800,47.15,"2a","CEH POTS 5-10-72","Threshold 1.610 applied",""
06/01/1951 00:00,1.830,49.25,"2a","CEH POTS 5-10-72","Threshold 1.610 applied",""
25/09/1951 00:00,1.780,45.77,"2a","CEH POTS 5-10-72","Threshold 1.610 applied",""
24/11/1951 00:00,1.860,51.40,"2a","CEH POTS 5-10-72","Threshold 1.610 applied",""
24/12/1951 00:00,1.690,39.87,"2a","CEH POTS 5-10-72","Threshold 1.610 applied",""
13/01/1952 00:00,1.640,36.80,"2a","CEH POTS 5-10-72","Threshold 1.610 applied",""
10/02/1952 00:00,1.620,35.60,"2a","CEH POTS 5-10-72","Threshold 1.610 applied",""
27/10/1952 00:00,1.830,49.25,"2a","CEH POTS 5-10-72","Threshold 1.610 applied",""
16/12/1952 00:00,1.680,39.25,"2a","CEH POTS 5-10-72","Threshold 1.610 applied",""
29/03/1953 00:00,1.680,39.25,"2a","CEH POTS 5-10-72","Threshold 1.610 applied",""
29/04/1953 00:00,1.660,38.01,"2a","CEH POTS 5-10-72","Threshold 1.610 applied",""
29/08/1953 00:00,1.740,43.09,"2a","CEH POTS 5-10-72","Threshold 1.610 applied",""
06/03/1954 00:00,1.820,48.54,"2a","CEH POTS 5-10-72","Threshold 1.610 applied",""
09/06/1954 00:00,1.810,47.84,"2a","CEH POTS 5-10-72","Threshold 1.610 applied",""
17/09/1954 00:00,1.700,40.51,"2a","CEH POTS 5-10-72","Threshold 1.610 applied",""
04/10/1954 00:00,1.650,37.40,"2a","CEH POTS 5-10-72","Threshold 1.610 applied",""
18/10/1954 00:00,1.650,37.40,"2a","CEH POTS 5-10-72","Threshold 1.610 applied",""
23/10/1954 00:00,1.820,48.54,"2a","CEH POTS 5-10-72","Threshold 1.610 applied",""
10/11/1954 00:00,1.860,51.40,"2a","CEH POTS 5-10-72","Threshold 1.610 applied",""
23/11/1954 00:00,1.620,35.60,"2a","CEH POTS 5-10-72","Threshold 1.610 applied",""
27/11/1954 00:00,1.830,49.25,"2a","CEH POTS 5-10-72","Threshold 1.610 applied",""
13/12/1954 00:00,1.860,51.40,"2a","CEH POTS 5-10-72","Threshold 1.610 applied",""
23/03/1955 00:00,1.630,36.20,"2a","CEH POTS 5-10-72","Threshold 1.610 applied",""
26/03/1955 00:00,2.030,64.62,"2a","CEH POTS 5-10-72","Threshold 1.610 applied",""
14/12/1955 00:00,1.830,49.25,"2a","CEH POTS 5-10-72","Threshold 1.610 applied",""
25/01/1956 00:00,1.690,39.87,"2a","CEH POTS 5-10-72","Threshold 1.610 applied",""
18/08/1956 00:00,1.640,36.80,"2a","CEH POTS 5-10-72","Threshold 1.610 applied",""
31/01/1957 00:00,1.690,39.87,"2a","CEH POTS 5-10-72","Threshold 1.610 applied",""
19/03/1957 09:00,1.770,45.09,"2a","CEH POTS 5-10-72","Threshold 1.610 applied",""
05/08/1957 00:00,1.830,49.25,"2a","CEH POTS 5-10-72","Threshold 1.610 applied",""
23/09/1957 00:00,1.650,37.40,"2a","CEH POTS 5-10-72","Threshold 1.610 applied",""
25/09/1957 09:00,2.190,78.41,"2b","CEH POTS 5-10-72","Threshold 1.610 applied",""
29/10/1957 00:00,1.710,41.14,"2a","CEH POTS 5-10-72","Threshold 1.610 applied",""
09/02/1958 00:00,1.880,52.87,"2a","CEH POTS 5-10-72","Threshold 1.610 applied",""
23/09/1958 00:00,1.950,58.19,"2a","CEH POTS 5-10-72","Threshold 1.610 applied",""
03/10/1958 00:00,1.690,39.87,"2a","CEH POTS 5-10-72","Threshold 1.610 applied",""
13/10/1958 00:00,1.710,41.14,"2a","CEH POTS 5-10-72","Threshold 1.610 applied",""
16/01/1959 00:00,1.760,44.42,"2a","CEH POTS 5-10-72","Threshold 1.610 applied",""
16/04/1959 00:00,1.170,14.45,"2a","CEH POTS 5-10-72","Threshold 1.610 applied",""
26/10/1959 00:00,1.950,58.19,"2a","CEH POTS 5-10-72","Threshold 1.610 applied",""
27/10/1959 00:00,1.620,35.60,"2a","CEH POTS 5-10-72","Threshold 1.610 applied",""
25/11/1959 00:00,1.770,45.09,"2a","CEH POTS 5-10-72","Threshold 1.610 applied",""
19/12/1959 00:00,1.650,37.40,"2a","CEH POTS 5-10-72","Threshold 1.610 applied",""
24/01/1960 00:00,1.830,49.25,"2a","CEH POTS 5-10-72","Threshold 1.610 applied",""
02/02/1960 09:00,1.660,38.01,"2a","CEH POTS 5-10-72","Threshold 1.610 applied",""
26/02/1960 00:00,1.900,54.36,"2a","CEH POTS 5-10-72","Threshold 1.610 applied",""
22/09/1960 00:00,1.680,39.25,"2a","CEH POTS 5-10-72","Threshold 1.610 applied",""
24/10/1960 00:00,1.800,47.15,"2a","CEH POTS 5-10-72","Threshold 1.610 applied",""
03/11/1960 00:00,1.800,47.15,"2a","CEH POTS 5-10-72","Threshold 1.610 applied",""
03/12/1960 00:00,2.230,81.17,"2b","CEH POTS 5-10-72","Threshold 1.610 applied",""
25/12/1960 00:00,1.760,44.42,"2a","CEH POTS 5-10-72","Threshold 1.610 applied",""
10/10/1961 00:00,1.650,37.40,"2a","CEH POTS 5-10-72","Threshold 1.610 applied",""
26/10/1961 00:00,1.640,36.80,"2a","CEH POTS 5-10-72","Threshold 1.610 applied",""
15/01/1962 00:00,1.830,49.25,"2a","CEH POTS 5-10-72","Threshold 1.610 applied",""
02/04/1962 00:00,1.680,39.25,"2a","CEH POTS 5-10-72","Threshold 1.610 applied",""
23/08/1962 00:00,1.710,41.14,"2a","CEH POTS 5-10-72","Threshold 1.610 applied",""
10/09/1962 00:00,1.870,52.13,"2a","CEH POTS 5-10-72","Threshold 1.610 applied",""
06/03/1963 09:00,1.820,48.54,"2a","CEH POTS 5-10-72","Threshold 1.610 applied",""
09/03/1963 00:00,1.680,39.25,"2a","CEH POTS 5-10-72","Threshold 1.610 applied",""
17/11/1963 00:00,1.620,35.60,"2a","CEH POTS 5-10-72","Threshold 1.610 applied",""
13/11/1964 00:00,1.650,37.40,"2a","CEH POTS 5-10-72","Threshold 1.610 applied",""
17/11/1964 00:00,1.620,35.60,"2a","CEH POTS 5-10-72","Threshold 1.610 applied",""
06/12/1964 00:00,1.710,41.14,"2a","CEH POTS 5-10-72","Threshold 1.610 applied",""
08/12/1964 00:00,1.910,55.11,"2a","CEH POTS 5-10-72","Threshold 1.610 applied",""
12/12/1964 00:00,2.190,78.41,"2b","CEH POTS 5-10-72","Threshold 1.610 applied",""
13/01/1965 00:00,1.700,40.51,"2a","CEH POTS 5-10-72","Threshold 1.610 applied",""
16/01/1965 00:00,1.660,38.01,"2a","CEH POTS 5-10-72","Threshold 1.610 applied",""
08/09/1965 00:00,1.720,52.85,"4a","CEH POTS 5-10-72","Threshold 1.452 applied",""
09/12/1965 00:00,2.180,92.38,"4a","CEH POTS 5-10-72","Threshold 1.452 applied. Peak exceeds upper limit and bankful, flow extrapolated",""
18/12/1965 09:00,1.760,55.79,"4a","CEH POTS 5-10-72","Threshold 1.452 applied",""
19/12/1965 00:00,1.770,56.54,"4a","CEH POTS 5-10-72","Threshold 1.452 applied",""
25/02/1966 00:00,1.600,44.55,"4a","CEH POTS 5-10-72","Threshold 1.452 applied",""
04/09/1966 00:00,1.550,41.33,"4a","CEH POTS 5-10-72","Threshold 1.452 applied",""
01/12/1966 00:00,1.500,38.25,"4a","CEH POTS 5-10-72","Threshold 1.452 applied",""
09/12/1966 00:00,1.780,57.30,"4a","CEH POTS 5-10-72","Threshold 1.452 applied",""
22/02/1967 00:00,1.580,43.25,"4a","CEH POTS 5-10-72","Threshold 1.452 applied",""
27/02/1967 00:00,1.890,66.00,"4a","CEH POTS 5-10-72","Threshold 1.452 applied",""
29/09/1967 00:00,1.700,51.41,"4a","CEH POTS 5-10-72","Threshold 1.452 applied",""
02/10/1967 00:00,1.840,61.96,"4a","CEH POTS 5-10-72","Threshold 1.452 applied",""
03/10/1967 00:00,1.540,40.71,"4a","CEH POTS 5-10-72","Threshold 1.452 applied",""
16/10/1967 00:00,1.860,63.56,"4a","CEH POTS 5-10-72","Threshold 1.452 applied",""
23/12/1967 00:00,1.610,45.21,"4a","CEH POTS 5-10-72","Threshold 1.452 applied",""
13/01/1968 00:00,1.860,63.56,"4a","CEH POTS 5-10-72","Threshold 1.452 applied",""
16/01/1968 00:00,1.670,49.29,"4a","CEH POTS 5-10-72","Threshold 1.452 applied",""
23/03/1968 12:00,1.830,61.17,"4a","CEH POTS 5-10-72","Threshold 1.452 applied",""
26/06/1968 00:00,1.660,48.60,"4a","CEH POTS 5-10-72","Threshold 1.452 applied",""
17/01/1969 00:00,1.620,45.88,"4a","CEH POTS 5-10-72","Threshold 1.452 applied",""
10/11/1969 00:00,2.070,81.78,"4a","CEH POTS 23-2-?","Peaks over 35.00 cumecs. Peak just within rating upper limit and bankful",""
14/12/1969 00:00,1.770,56.54,"4a","CEH POTS 23-2-?","Peaks over 35.00 cumecs",""
21/12/1969 00:00,1.550,41.33,"4a","CEH POTS 23-2-?","Peaks over 35.00 cumecs",""
21/01/1970 00:00,1.460,35.88,"4a","CEH POTS 23-2-?","Peaks over 35.00 cumecs",""
21/02/1970 00:00,1.580,43.25,"4a","CEH POTS 23-2-?","Peaks over 35.00 cumecs",""
21/04/1970 00:00,1.400,32.49,"4a","CEH POTS 23-2-?","Peaks over 35.00 cumecs",""
01/11/1970 00:00,1.650,47.91,"4a","CEH POTS 23-2-?","Peaks over 35.00 cumecs",""
06/11/1970 00:00,1.430,34.17,"4a","CEH POTS 23-2-?","Peaks over 35.00 cumecs",""
17/11/1970 00:00,1.460,35.88,"4a","CEH POTS 23-2-?","Peaks over 35.00 cumecs",""
07/01/1971 00:00,1.620,45.88,"4a","CEH POTS 23-2-?","Peaks over 35.00 cumecs",""
18/06/1971 00:00,1.630,46.55,"4a","CEH POTS 23-2-?","Peaks over 35.00 cumecs",""
18/10/1971 00:00,1.960,71.91,"4a","CEH POTS 23-2-?","Peaks over 35.00 cumecs",""
20/11/1971 00:00,1.400,32.49,"4a","CEH POTS 23-2-?","Peaks over 35.00 cumecs",""
09/11/1972 00:00,1.460,35.88,"4a","CEH POTS 23-2-?","Peaks over 35.00 cumecs",""
12/11/1972 00:00,1.500,38.25,"4a","CEH POTS 23-2-?","Peaks over 35.00 cumecs",""
01/12/1972 00:00,1.490,37.65,"4a","CEH POTS 23-2-?","Peaks over 35.00 cumecs",""
04/12/1972 00:00,1.580,43.25,"4a","CEH POTS 23-2-?","Peaks over 35.00 cumecs",""
05/12/1972 00:00,1.520,39.47,"4a","CEH POTS 23-2-?","Peaks over 35.00 cumecs",""
11/12/1972 00:00,1.480,37.06,"4a","CEH POTS 23-2-?","Peaks over 35.00 cumecs",""
12/02/1973 00:00,1.410,33.05,"4a","CEH POTS 23-2-?","Peaks over 35.00 cumecs",""
06/08/1973 00:00,2.440,120.41,"4a","CEH POTS 23-2-?","Peaks over 35.00 cumecs. Peak exceeds upper limit and bankful, flow extrapolated",""
19/10/1973 00:00,1.610,45.21,"4a","CEH POTS 27-11-85","Threshold 1.445 applied",""
11/02/1974 00:00,1.770,56.54,"4a","CEH POTS 27-11-85","Threshold 1.445 applied",""
14/02/1974 00:00,1.490,37.65,"4a","CEH POTS 27-11-85","Threshold 1.445 applied",""
10/11/1974 00:00,1.530,40.08,"4a","CEH POTS 27-11-85","Threshold 1.445 applied",""
13/11/1974 00:00,1.720,52.85,"4a","CEH POTS 27-11-85","Threshold 1.445 applied",""
21/12/1974 00:00,1.930,69.34,"4a","CEH POTS 27-11-85","Threshold 1.445 applied",""
19/01/1975 00:00,1.630,46.55,"4a","CEH POTS 27-11-85","Threshold 1.445 applied",""
22/01/1975 00:00,1.750,55.05,"4a","CEH POTS 27-11-85","Threshold 1.445 applied",""
24/01/1975 00:00,1.480,37.06,"4a","CEH POTS 27-11-85","Threshold 1.445 applied",""
30/01/1975 00:00,1.520,39.47,"4a","CEH POTS 27-11-85","Threshold 1.445 applied",""
01/12/1975 00:00,1.810,59.60,"4a","CEH POTS 27-11-85","Threshold 1.445 applied",""
12/02/1976 00:00,1.720,52.85,"4a","CEH POTS 27-11-85","Threshold 1.445 applied",""
15/10/1976 00:00,1.540,40.71,"4a","CEH POTS 27-11-85","Threshold 1.445 applied",""
02/02/1977 00:00,1.630,46.55,"4a","CEH POTS 27-11-85","Threshold 1.445 applied",""
30/10/1977 00:00,1.780,57.30,"4a","CEH POTS 27-11-85","Threshold 1.445 applied",""
01/11/1977 00:00,1.600,44.55,"4a","CEH POTS 27-11-85","Threshold 1.445 applied",""
07/11/1977 00:00,1.450,35.31,"4a","CEH POTS 27-11-85","Threshold 1.445 applied",""
13/12/1978 00:00,1.570,42.61,"4a","CEH POTS 27-11-85","Threshold 1.445 applied",""
25/03/1979 00:00,1.460,35.88,"4a","CEH POTS 27-11-85","Threshold 1.445 applied",""
06/11/1979 00:00,1.870,64.37,"4a","CEH POTS 27-11-85","Threshold 1.510 applied",""
27/12/1979 00:00,2.210,95.40,"4a","CEH POTS 27-11-85","Threshold 1.510 applied. Peak exceeds upper limit and bankful, flow extrapolated",""
07/02/1980 00:00,1.530,40.08,"4a","CEH POTS 27-11-85","Threshold 1.510 applied",""
06/10/1980 00:00,1.560,41.97,"4a","CEH POTS 27-11-85","Threshold 1.510 applied",""
27/10/1980 00:00,1.520,39.47,"4a","CEH POTS 27-11-85","Threshold 1.510 applied",""
17/11/1980 00:00,1.620,45.88,"4a","CEH POTS 27-11-85","Threshold 1.510 applied",""
21/11/1980 00:00,1.840,61.96,"4a","CEH POTS 27-11-85","Threshold 1.510 applied",""
08/03/1981 10:15,1.391,32.00,"4a","Digital Archive","",""
11/03/1981 16:00,1.855,63.16,"4a","Digital Archive","",""
21/03/1981 20:45,2.042,79.19,"4a","Digital Archive","",""
19/09/1981 22:00,1.850,62.75,"4a","Digital Archive","",""
30/09/1981 02:15,1.726,53.28,"4a","Digital Archive","",""
08/10/1981 11:15,1.695,51.05,"4a","Digital Archive","",""
09/10/1981 04:15,1.644,47.50,"4a","Digital Archive","",""
18/11/1981 14:30,1.557,41.78,"4a","Digital Archive","",""
15/03/1982 05:15,1.615,45.55,"4a","Digital Archive","",""
