"NAME:","Wye at Belmont"
"NUMBER:","55002"
"DATE","STAGE (m)","FLOW (m^3/s)","RATING","SOURCE","COMMENT","AMAX ONLY"
16/12/1908 00:00,3.640,316.11,"","Stage from CEH typed sheet 1908-74. Flow from FEH","No gaugings/ ratings found pre 71",""
16/01/1909 00:00,3.270,274.61,"","Stage from CEH typed sheet 1908-74. Flow from FEH","No gaugings/ ratings found pre 71",""
17/10/1909 00:00,3.910,357.61,"","Stage from CEH typed sheet 1908-74. Flow from FEH","No gaugings/ ratings found pre 71",""
26/10/1909 00:00,3.300,268.28,"","Stage from CEH typed sheet 1908-74. Flow from FEH","No gaugings/ ratings found pre 71",""
11/06/1910 00:00,3.940,362.35,"","Stage from CEH typed sheet 1908-74. Flow from FEH","No gaugings/ ratings found pre 71",""
01/11/1910 00:00,3.200,253.74,"","Stage from CEH typed sheet 1908-74. Flow from FEH","No gaugings/ ratings found pre 71",""
23/11/1910 00:00,3.330,272.49,"","Stage from CEH typed sheet 1908-74. Flow from FEH","No gaugings/ ratings found pre 71",""
15/12/1910 00:00,3.710,327.42,"","Stage from CEH typed sheet 1908-74. Flow from FEH","No gaugings/ ratings found pre 71",""
17/12/1910 00:00,4.610,473.04,"","Stage from CEH typed sheet 1908-74. Flow from FEH","No gaugings/ ratings found pre 71",""
12/12/1911 00:00,3.610,311.63,"","Stage from CEH typed sheet 1908-74. Flow from FEH","No gaugings/ ratings found pre 71",""
19/12/1911 00:00,3.810,341.22,"","Stage from CEH typed sheet 1908-74. Flow from FEH","No gaugings/ ratings found pre 71",""
21/12/1911 00:00,3.500,296.15,"","Stage from CEH typed sheet 1908-74. Flow from FEH","No gaugings/ ratings found pre 71",""
07/01/1912 00:00,3.200,253.74,"","Stage from CEH typed sheet 1908-74. Flow from FEH","No gaugings/ ratings found pre 71",""
06/03/1912 00:00,3.810,341.22,"","Stage from CEH typed sheet 1908-74. Flow from FEH","No gaugings/ ratings found pre 71",""
24/08/1912 00:00,3.960,364.73,"","Stage from CEH typed sheet 1908-74. Flow from FEH","No gaugings/ ratings found pre 71",""
28/08/1912 00:00,4.410,439.08,"","Stage from CEH typed sheet 1908-74. Flow from FEH","No gaugings/ ratings found pre 71",""
29/10/1912 00:00,3.700,325.15,"","Stage from CEH typed sheet 1908-74. Flow from FEH","No gaugings/ ratings found pre 71",""
18/12/1912 00:00,3.640,316.11,"","Stage from CEH typed sheet 1908-74. Flow from FEH","No gaugings/ ratings found pre 71",""
02/01/1913 00:00,3.360,276.73,"","Stage from CEH typed sheet 1908-74. Flow from FEH","No gaugings/ ratings found pre 71",""
23/01/1913 00:00,3.810,341.22,"","Stage from CEH typed sheet 1908-74. Flow from FEH","No gaugings/ ratings found pre 71",""
07/02/1913 00:00,3.200,253.74,"","Stage from CEH typed sheet 1908-74. Flow from FEH","No gaugings/ ratings found pre 71",""
17/03/1913 00:00,3.500,296.15,"","Stage from CEH typed sheet 1908-74. Flow from FEH","No gaugings/ ratings found pre 71",""
23/03/1913 00:00,3.810,341.22,"","Stage from CEH typed sheet 1908-74. Flow from FEH","No gaugings/ ratings found pre 71",""
27/04/1913 00:00,4.110,388.88,"","Stage from CEH typed sheet 1908-74. Flow from FEH","No gaugings/ ratings found pre 71",""
29/04/1913 00:00,3.500,296.15,"","Stage from CEH typed sheet 1908-74. Flow from FEH","No gaugings/ ratings found pre 71",""
08/06/1913 00:00,3.810,341.22,"","Stage from CEH typed sheet 1908-74. Flow from FEH","No gaugings/ ratings found pre 71",""
13/11/1913 00:00,3.320,270.38,"","Stage from CEH typed sheet 1908-74. Flow from FEH","No gaugings/ ratings found pre 71",""
22/11/1913 00:00,3.610,311.63,"","Stage from CEH typed sheet 1908-74. Flow from FEH","No gaugings/ ratings found pre 71",""
13/02/1914 00:00,3.710,327.42,"","Stage from CEH typed sheet 1908-74. Flow from FEH","No gaugings/ ratings found pre 71",""
15/02/1914 00:00,3.810,341.22,"","Stage from CEH typed sheet 1908-74. Flow from FEH","No gaugings/ ratings found pre 71",""
04/12/1914 00:00,3.840,345.87,"","Stage from CEH typed sheet 1908-74. Flow from FEH","No gaugings/ ratings found pre 71",""
18/12/1914 00:00,3.490,293.97,"","Stage from CEH typed sheet 1908-74. Flow from FEH","No gaugings/ ratings found pre 71",""
28/12/1914 00:00,3.730,329.71,"","Stage from CEH typed sheet 1908-74. Flow from FEH","No gaugings/ ratings found pre 71",""
31/12/1914 00:00,4.110,388.88,"","Stage from CEH typed sheet 1908-74. Flow from FEH","Non-independent peak removed No gaugings/ ratings found pre 71",""
01/01/1915 00:00,3.530,300.54,"","Stage from CEH typed sheet 1908-74. Flow from FEH","No gaugings/ ratings found pre 71",""
11/01/1915 00:00,3.500,296.15,"","Stage from CEH typed sheet 1908-74. Flow from FEH","No gaugings/ ratings found pre 71",""
16/01/1915 00:00,3.530,300.54,"","Stage from CEH typed sheet 1908-74. Flow from FEH","No gaugings/ ratings found pre 71",""
08/02/1915 00:00,3.410,283.15,"","Stage from CEH typed sheet 1908-74. Flow from FEH","No gaugings/ ratings found pre 71",""
17/02/1915 00:00,3.700,325.15,"","Stage from CEH typed sheet 1908-74. Flow from FEH","No gaugings/ ratings found pre 71",""
13/11/1915 00:00,3.840,345.87,"","Stage from CEH typed sheet 1908-74. Flow from FEH","No gaugings/ ratings found pre 71",""
05/12/1915 00:00,3.940,362.35,"","Stage from CEH typed sheet 1908-74. Flow from FEH","No gaugings/ ratings found pre 71",""
10/12/1915 00:00,3.500,296.15,"","Stage from CEH typed sheet 1908-74. Flow from FEH","No gaugings/ ratings found pre 71",""
28/12/1915 00:00,4.020,374.31,"","Stage from CEH typed sheet 1908-74. Flow from FEH","No gaugings/ ratings found pre 71",""
01/01/1916 00:00,3.790,338.90,"","Stage from CEH typed sheet 1908-74. Flow from FEH","No gaugings/ ratings found pre 71",""
16/02/1916 00:00,4.260,413.66,"","Stage from CEH typed sheet 1908-74. Flow from FEH","No gaugings/ ratings found pre 71",""
18/02/1916 00:00,3.710,327.42,"","Stage from CEH typed sheet 1908-74. Flow from FEH","No gaugings/ ratings found pre 71",""
19/04/1916 00:00,3.230,257.86,"","Stage from CEH typed sheet 1908-74. Flow from FEH","No gaugings/ ratings found pre 71",""
29/10/1916 00:00,3.650,318.36,"","Stage from CEH typed sheet 1908-74. Flow from FEH","No gaugings/ ratings found pre 71",""
30/08/1917 00:00,3.640,316.11,"","Stage from CEH typed sheet 1908-74. Flow from FEH","No gaugings/ ratings found pre 71",""
09/10/1917 00:00,3.200,253.74,"","Stage from CEH typed sheet 1908-74. Flow from FEH","No gaugings/ ratings found pre 71",""
10/11/1917 00:00,3.300,268.28,"","Stage from CEH typed sheet 1908-74. Flow from FEH","No gaugings/ ratings found pre 71",""
19/01/1918 00:00,4.370,431.39,"","Stage from CEH typed sheet 1908-74. Flow from FEH","No gaugings/ ratings found pre 71",""
14/02/1918 00:00,4.370,318.36,"","Stage from CEH typed sheet 1908-74. Flow from FEH","No gaugings/ ratings found pre 71",""
22/09/1918 00:00,3.200,253.74,"","Stage from CEH typed sheet 1908-74. Flow from FEH","No gaugings/ ratings found pre 71",""
04/01/1919 00:00,3.450,289.62,"","Stage from CEH typed sheet 1908-74. Flow from FEH","No gaugings/ ratings found pre 71",""
02/02/1919 00:00,3.730,329.71,"","Stage from CEH typed sheet 1908-74. Flow from FEH","No gaugings/ ratings found pre 71",""
12/12/1919 00:00,3.530,300.54,"","Stage from CEH typed sheet 1908-74. Flow from FEH","No gaugings/ ratings found pre 71",""
24/12/1919 00:00,3.940,362.35,"","Stage from CEH typed sheet 1908-74. Flow from FEH","No gaugings/ ratings found pre 71",""
18/01/1920 00:00,3.910,357.61,"","Stage from CEH typed sheet 1908-74. Flow from FEH","No gaugings/ ratings found pre 71",""
11/02/1920 00:00,3.910,357.61,"","Stage from CEH typed sheet 1908-74. Flow from FEH","No gaugings/ ratings found pre 71",""
28/03/1920 00:00,3.300,268.28,"","Stage from CEH typed sheet 1908-74. Flow from FEH","No gaugings/ ratings found pre 71",""
11/01/1921 00:00,3.320,270.38,"","Stage from CEH typed sheet 1908-74. Flow from FEH","No gaugings/ ratings found pre 71",""
17/01/1921 00:00,3.500,296.15,"","Stage from CEH typed sheet 1908-74. Flow from FEH","No gaugings/ ratings found pre 71",""
29/12/1921 00:00,3.450,289.62,"","Stage from CEH typed sheet 1908-74. Flow from FEH","No gaugings/ ratings found pre 71",""
02/01/1922 00:00,3.120,245.49,"","Stage from CEH typed sheet 1908-74. Flow from FEH","No gaugings/ ratings found pre 71",""
23/02/1922 00:00,3.500,296.15,"","Stage from CEH typed sheet 1908-74. Flow from FEH","No gaugings/ ratings found pre 71",""
20/09/1922 00:00,3.670,320.61,"","Stage from CEH typed sheet 1908-74. Flow from FEH","No gaugings/ ratings found pre 71",""
22/12/1922 00:00,3.670,320.61,"","Stage from CEH typed sheet 1908-74. Flow from FEH","No gaugings/ ratings found pre 71",""
07/01/1923 00:00,3.360,276.73,"","Stage from CEH typed sheet 1908-74. Flow from FEH","No gaugings/ ratings found pre 71",""
02/02/1923 00:00,3.420,285.30,"","Stage from CEH typed sheet 1908-74. Flow from FEH","No gaugings/ ratings found pre 71",""
18/02/1923 00:00,3.270,264.09,"","Stage from CEH typed sheet 1908-74. Flow from FEH","No gaugings/ ratings found pre 71",""
28/02/1923 00:00,3.270,352.89,"","Stage from CEH typed sheet 1908-74. Flow from FEH","No gaugings/ ratings found pre 71",""
27/10/1923 00:00,3.330,272.49,"","Stage from CEH typed sheet 1908-74. Flow from FEH","No gaugings/ ratings found pre 71",""
14/12/1923 00:00,3.810,341.22,"","Stage from CEH typed sheet 1908-74. Flow from FEH","No gaugings/ ratings found pre 71",""
12/01/1924 00:00,3.670,320.61,"","Stage from CEH typed sheet 1908-74. Flow from FEH","No gaugings/ ratings found pre 71",""
11/10/1924 00:00,3.650,318.36,"","Stage from CEH typed sheet 1908-74. Flow from FEH","No gaugings/ ratings found pre 71",""
28/12/1924 00:00,3.960,364.73,"","Stage from CEH typed sheet 1908-74. Flow from FEH","No gaugings/ ratings found pre 71",""
31/12/1924 00:00,3.960,362.35,"","Stage from CEH typed sheet 1908-74. Flow from FEH","No gaugings/ ratings found pre 71",""
02/01/1925 00:00,4.230,408.66,"","Stage from CEH typed sheet 1908-74. Flow from FEH","No gaugings/ ratings found pre 71",""
12/02/1925 00:00,4.110,388.88,"","Stage from CEH typed sheet 1908-74. Flow from FEH","No gaugings/ ratings found pre 71",""
27/02/1925 00:00,3.390,281.00,"","Stage from CEH typed sheet 1908-74. Flow from FEH","No gaugings/ ratings found pre 71",""
23/10/1925 00:00,3.500,296.15,"","Stage from CEH typed sheet 1908-74. Flow from FEH","No gaugings/ ratings found pre 71",""
02/02/1926 00:00,3.200,253.74,"","Stage from CEH typed sheet 1908-74. Flow from FEH","No gaugings/ ratings found pre 71",""
19/07/1926 00:00,3.700,325.15,"","Stage from CEH typed sheet 1908-74. Flow from FEH","No gaugings/ ratings found pre 71",""
05/11/1926 00:00,3.230,257.86,"","Stage from CEH typed sheet 1908-74. Flow from FEH","No gaugings/ ratings found pre 71",""
17/11/1926 00:00,3.320,270.38,"","Stage from CEH typed sheet 1908-74. Flow from FEH","No gaugings/ ratings found pre 71",""
25/01/1927 00:00,3.560,304.95,"","Stage from CEH typed sheet 1908-74. Flow from FEH","No gaugings/ ratings found pre 71",""
29/01/1927 00:00,3.470,291.79,"","Stage from CEH typed sheet 1908-74. Flow from FEH","No gaugings/ ratings found pre 71",""
05/07/1927 00:00,3.230,257.86,"","Stage from CEH typed sheet 1908-74. Flow from FEH","No gaugings/ ratings found pre 71",""
22/08/1927 00:00,3.680,322.88,"","Stage from CEH typed sheet 1908-74. Flow from FEH","No gaugings/ ratings found pre 71",""
02/11/1927 00:00,3.270,264.09,"","Stage from CEH typed sheet 1908-74. Flow from FEH","No gaugings/ ratings found pre 71",""
13/01/1928 00:00,3.200,253.74,"","Stage from CEH typed sheet 1908-74. Flow from FEH","No gaugings/ ratings found pre 71",""
22/01/1928 00:00,3.670,320.61,"","Stage from CEH typed sheet 1908-74. Flow from FEH","No gaugings/ ratings found pre 71",""
24/01/1928 00:00,3.350,274.61,"","Stage from CEH typed sheet 1908-74. Flow from FEH","No gaugings/ ratings found pre 71",""
05/02/1928 00:00,3.420,285.30,"","Stage from CEH typed sheet 1908-74. Flow from FEH","No gaugings/ ratings found pre 71",""
16/02/1928 00:00,3.650,318.36,"","Stage from CEH typed sheet 1908-74. Flow from FEH","No gaugings/ ratings found pre 71",""
15/11/1928 00:00,3.200,253.74,"","Stage from CEH typed sheet 1908-74. Flow from FEH","No gaugings/ ratings found pre 71",""
17/11/1928 00:00,3.880,352.89,"","Stage from CEH typed sheet 1908-74. Flow from FEH","No gaugings/ ratings found pre 71",""
22/11/1928 00:00,3.350,274.61,"","Stage from CEH typed sheet 1908-74. Flow from FEH","No gaugings/ ratings found pre 71",""
24/11/1928 00:00,4.490,452.01,"","Stage from CEH typed sheet 1908-74. Flow from FEH","No gaugings/ ratings found pre 71",""
26/12/1928 00:00,3.230,257.86,"","Stage from CEH typed sheet 1908-74. Flow from FEH","No gaugings/ ratings found pre 71",""
24/10/1929 00:00,3.290,266.18,"","Stage from CEH typed sheet 1908-74. Flow from FEH","No gaugings/ ratings found pre 71",""
12/11/1929 00:00,4.570,465.11,"","Stage from CEH typed sheet 1908-74. Flow from FEH","No gaugings/ ratings found pre 71",""
20/11/1929 00:00,3.910,357.61,"","Stage from CEH typed sheet 1908-74. Flow from FEH","No gaugings/ ratings found pre 71",""
25/11/1929 00:00,3.880,352.89,"","Stage from CEH typed sheet 1908-74. Flow from FEH","No gaugings/ ratings found pre 71",""
02/12/1929 00:00,3.270,264.09,"","Stage from CEH typed sheet 1908-74. Flow from FEH","No gaugings/ ratings found pre 71",""
05/12/1929 00:00,3.810,341.22,"","Stage from CEH typed sheet 1908-74. Flow from FEH","No gaugings/ ratings found pre 71",""
11/12/1929 00:00,4.480,449.41,"","Stage from CEH typed sheet 1908-74. Flow from FEH","No gaugings/ ratings found pre 71",""
29/12/1929 00:00,3.960,364.73,"","Stage from CEH typed sheet 1908-74. Flow from FEH","No gaugings/ ratings found pre 71",""
11/01/1930 00:00,4.260,413.66,"","Stage from CEH typed sheet 1908-74. Flow from FEH","No gaugings/ ratings found pre 71",""
15/01/1930 00:00,3.940,362.35,"","Stage from CEH typed sheet 1908-74. Flow from FEH","No gaugings/ ratings found pre 71",""
21/07/1930 00:00,3.230,257.86,"","Stage from CEH typed sheet 1908-74. Flow from FEH","No gaugings/ ratings found pre 71",""
21/09/1930 00:00,4.110,388.88,"","Stage from CEH typed sheet 1908-74. Flow from FEH","No gaugings/ ratings found pre 71",""
03/11/1930 00:00,3.260,262.01,"","Stage from CEH typed sheet 1908-74. Flow from FEH","No gaugings/ ratings found pre 71",""
11/12/1930 00:00,3.500,296.15,"","Stage from CEH typed sheet 1908-74. Flow from FEH","No gaugings/ ratings found pre 71",""
31/12/1930 00:00,3.500,296.15,"","Stage from CEH typed sheet 1908-74. Flow from FEH","No gaugings/ ratings found pre 71",""
28/05/1931 00:00,3.810,341.22,"","Stage from CEH typed sheet 1908-74. Flow from FEH","No gaugings/ ratings found pre 71",""
11/11/1931 00:00,3.350,274.61,"","Stage from CEH typed sheet 1908-74. Flow from FEH","No gaugings/ ratings found pre 71",""
10/01/1932 00:00,4.110,388.88,"","Stage from CEH typed sheet 1908-74. Flow from FEH","No gaugings/ ratings found pre 71",""
13/01/1932 00:00,3.730,329.71,"","Stage from CEH typed sheet 1908-74. Flow from FEH","No gaugings/ ratings found pre 71",""
17/01/1932 00:00,3.650,318.36,"","Stage from CEH typed sheet 1908-74. Flow from FEH","No gaugings/ ratings found pre 71",""
02/05/1932 00:00,4.110,388.88,"","Stage from CEH typed sheet 1908-74. Flow from FEH","No gaugings/ ratings found pre 71",""
08/10/1932 00:00,3.350,274.61,"","Stage from CEH typed sheet 1908-74. Flow from FEH","No gaugings/ ratings found pre 71",""
22/10/1932 00:00,4.030,376.73,"","Stage from CEH typed sheet 1908-74. Flow from FEH","No gaugings/ ratings found pre 71",""
30/10/1932 00:00,3.650,318.36,"","Stage from CEH typed sheet 1908-74. Flow from FEH","No gaugings/ ratings found pre 71",""
30/11/1932 00:00,3.420,285.30,"","Stage from CEH typed sheet 1908-74. Flow from FEH","No gaugings/ ratings found pre 71",""
03/01/1933 00:00,3.640,316.11,"","Stage from CEH typed sheet 1908-74. Flow from FEH","No gaugings/ ratings found pre 71",""
08/01/1933 00:00,3.420,285.30,"","Stage from CEH typed sheet 1908-74. Flow from FEH","No gaugings/ ratings found pre 71",""
02/02/1933 00:00,3.640,316.11,"","Stage from CEH typed sheet 1908-74. Flow from FEH","No gaugings/ ratings found pre 71",""
02/03/1933 00:00,3.730,329.71,"","Stage from CEH typed sheet 1908-74. Flow from FEH","No gaugings/ ratings found pre 71",""
11/10/1933 00:00,3.350,274.61,"","Stage from CEH typed sheet 1908-74. Flow from FEH","No gaugings/ ratings found pre 71",""
12/01/1934 00:00,3.200,253.74,"","Stage from CEH typed sheet 1908-74. Flow from FEH","No gaugings/ ratings found pre 71",""
14/01/1934 00:00,3.350,274.61,"","Stage from CEH typed sheet 1908-74. Flow from FEH","No gaugings/ ratings found pre 71",""
09/12/1934 00:00,3.450,289.62,"","Stage from CEH typed sheet 1908-74. Flow from FEH","No gaugings/ ratings found pre 71",""
20/12/1934 00:00,3.230,257.86,"","Stage from CEH typed sheet 1908-74. Flow from FEH","No gaugings/ ratings found pre 71",""
25/09/1935 00:00,3.290,224.93,"10a","Stage from CEH typed sheet 1908-74.","No gaugings/ ratings found pre 71",""
10/10/1935 00:00,3.380,234.01,"10a","Stage from CEH typed sheet 1908-74.","No gaugings/ ratings found pre 71",""
15/11/1935 00:00,3.580,254.64,"10a","Stage from CEH typed sheet 1908-74.","No gaugings/ ratings found pre 71",""
18/12/1936 00:00,3.330,228.95,"10a","Stage from CEH typed sheet 1908-74.","No gaugings/ ratings found pre 71",""
07/01/1937 00:00,4.380,342.97,"10a","Stage from CEH typed sheet 1908-74.","No gaugings/ ratings found pre 71",""
21/01/1937 00:00,3.320,227.94,"10a","Stage from CEH typed sheet 1908-74.","No gaugings/ ratings found pre 71",""
18/03/1937 00:00,3.500,246.32,"10a","Stage from CEH typed sheet 1908-74.","No gaugings/ ratings found pre 71",""
12/01/1938 00:00,3.710,268.36,"10a","Stage from CEH typed sheet 1908-74.","No gaugings/ ratings found pre 71",""
15/01/1938 00:00,4.140,315.52,"10a","Stage from CEH typed sheet 1908-74.","Non-independent peak removed No gaugings/ ratings found pre 71",""
17/01/1938 00:00,3.740,271.57,"10a","Stage from CEH typed sheet 1908-74.","No gaugings/ ratings found pre 71",""
09/10/1938 00:00,3.770,274.78,"10a","Stage from CEH typed sheet 1908-74.","No gaugings/ ratings found pre 71",""
13/11/1938 00:00,3.880,286.69,"10a","Stage from CEH typed sheet 1908-74.","No gaugings/ ratings found pre 71",""
26/11/1938 00:00,4.170,318.91,"10a","Stage from CEH typed sheet 1908-74.","No gaugings/ ratings found pre 71",""
28/11/1938 00:00,3.290,224.93,"10a","Stage from CEH typed sheet 1908-74.","No gaugings/ ratings found pre 71",""
10/12/1938 00:00,3.610,257.78,"10a","Stage from CEH typed sheet 1908-74.","No gaugings/ ratings found pre 71",""
07/01/1939 00:00,3.330,228.95,"10a","Stage from CEH typed sheet 1908-74.","No gaugings/ ratings found pre 71",""
15/01/1939 00:00,4.260,329.15,"10a","Stage from CEH typed sheet 1908-74.","No gaugings/ ratings found pre 71",""
18/01/1939 00:00,3.500,246.32,"10a","Stage from CEH typed sheet 1908-74.","No gaugings/ ratings found pre 71",""
02/03/1939 00:00,3.200,215.98,"10a","Stage from CEH typed sheet 1908-74.","No gaugings/ ratings found pre 71",""
30/07/1939 00:00,4.230,325.72,"10a","Stage from CEH typed sheet 1908-74.","No gaugings/ ratings found pre 71",""
16/11/1939 00:00,3.410,237.07,"10a","Stage from CEH typed sheet 1908-74.","No gaugings/ ratings found pre 71",""
19/11/1939 00:00,3.910,289.97,"10a","Stage from CEH typed sheet 1908-74.","No gaugings/ ratings found pre 71",""
23/11/1939 00:00,3.960,295.46,"10a","Stage from CEH typed sheet 1908-74.","No gaugings/ ratings found pre 71",""
26/11/1939 00:00,4.830,396.55,"10a","Stage from CEH typed sheet 1908-74.","No gaugings/ ratings found pre 71",""
30/11/1939 00:00,3.840,282.34,"10a","Stage from CEH typed sheet 1908-74.","No gaugings/ ratings found pre 71",""
08/02/1940 00:00,3.650,262.00,"10a","Stage from CEH typed sheet 1908-74.","No gaugings/ ratings found pre 71",""
03/11/1940 00:00,4.780,390.47,"10a","Stage from CEH typed sheet 1908-74.","No gaugings/ ratings found pre 71",""
06/11/1940 00:00,3.290,224.93,"10a","Stage from CEH typed sheet 1908-74.","No gaugings/ ratings found pre 71",""
12/11/1940 00:00,4.490,355.82,"10a","Stage from CEH typed sheet 1908-74.","No gaugings/ ratings found pre 71",""
22/11/1940 00:00,4.480,354.64,"10a","Stage from CEH typed sheet 1908-74.","No gaugings/ ratings found pre 71",""
08/02/1941 00:00,4.290,332.59,"10a","Stage from CEH typed sheet 1908-74.","No gaugings/ ratings found pre 71",""
02/03/1941 00:00,3.650,262.00,"10a","Stage from CEH typed sheet 1908-74.","No gaugings/ ratings found pre 71",""
18/10/1941 00:00,3.940,293.26,"10a","Stage from CEH typed sheet 1908-74.","No gaugings/ ratings found pre 71",""
07/12/1941 00:00,3.290,224.93,"10a","Stage from CEH typed sheet 1908-74.","No gaugings/ ratings found pre 71",""
24/01/1942 00:00,4.410,346.46,"10a","Stage from CEH typed sheet 1908-74.","No gaugings/ ratings found pre 71",""
28/05/1942 00:00,3.200,215.98,"10a","Stage from CEH typed sheet 1908-74.","No gaugings/ ratings found pre 71",""
22/10/1942 00:00,3.230,218.95,"10a","Stage from CEH typed sheet 1908-74.","No gaugings/ ratings found pre 71",""
01/02/1943 00:00,4.630,372.41,"10a","Stage from CEH typed sheet 1908-74.","No gaugings/ ratings found pre 71",""
13/09/1943 00:00,3.300,225.93,"10a","Stage from CEH typed sheet 1908-74.","No gaugings/ ratings found pre 71",""
14/09/1943 00:00,3.810,279.09,"10a","Stage from CEH typed sheet 1908-74.","No gaugings/ ratings found pre 71",""
23/10/1943 00:00,3.270,222.93,"10a","Stage from CEH typed sheet 1908-74.","No gaugings/ ratings found pre 71",""
23/01/1944 00:00,4.490,355.82,"10a","Stage from CEH typed sheet 1908-74.","No gaugings/ ratings found pre 71",""
21/10/1944 00:00,4.410,346.46,"10a","Stage from CEH typed sheet 1908-74.","No gaugings/ ratings found pre 71",""
20/11/1944 00:00,3.500,246.32,"10a","Stage from CEH typed sheet 1908-74.","No gaugings/ ratings found pre 71",""
28/11/1944 00:00,4.060,306.55,"10a","Stage from CEH typed sheet 1908-74.","No gaugings/ ratings found pre 71",""
17/12/1944 00:00,3.560,252.55,"10a","Stage from CEH typed sheet 1908-74.","No gaugings/ ratings found pre 71",""
31/01/1945 00:00,3.960,295.46,"10a","Stage from CEH typed sheet 1908-74.","No gaugings/ ratings found pre 71",""
02/02/1945 00:00,4.110,312.14,"10a","Stage from CEH typed sheet 1908-74.","Non-independent peak removed No gaugings/ ratings found pre 71",""
04/02/1945 00:00,3.970,296.56,"10a","Stage from CEH typed sheet 1908-74.","No gaugings/ ratings found pre 71",""
13/02/1945 00:00,4.020,302.09,"10a","Stage from CEH typed sheet 1908-74.","No gaugings/ ratings found pre 71",""
02/04/1945 00:00,3.880,286.69,"10a","Stage from CEH typed sheet 1908-74.","No gaugings/ ratings found pre 71",""
26/10/1945 00:00,4.200,322.31,"10a","Stage from CEH typed sheet 1908-74.","No gaugings/ ratings found pre 71",""
19/11/1945 00:00,3.420,238.09,"10a","Stage from CEH typed sheet 1908-74.","No gaugings/ ratings found pre 71",""
11/01/1946 00:00,3.960,295.46,"10a","Stage from CEH typed sheet 1908-74.","No gaugings/ ratings found pre 71",""
29/01/1946 00:00,3.290,224.93,"10a","Stage from CEH typed sheet 1908-74.","No gaugings/ ratings found pre 71",""
01/02/1946 00:00,3.650,262.00,"10a","Stage from CEH typed sheet 1908-74.","No gaugings/ ratings found pre 71",""
04/02/1946 00:00,4.370,341.81,"10a","Stage from CEH typed sheet 1908-74.","No gaugings/ ratings found pre 71",""
09/02/1946 00:00,5.630,498.26,"10a","Stage from CEH typed sheet 1908-74.","No gaugings/ ratings found pre 71",""
24/02/1946 00:00,4.370,341.81,"10a","Stage from CEH typed sheet 1908-74.","No gaugings/ ratings found pre 71",""
02/09/1946 00:00,3.330,228.95,"10a","Stage from CEH typed sheet 1908-74.","No gaugings/ ratings found pre 71",""
05/09/1946 00:00,4.220,324.58,"10a","Stage from CEH typed sheet 1908-74.","No gaugings/ ratings found pre 71",""
21/09/1946 00:00,4.950,411.29,"10a","Stage from CEH typed sheet 1908-74.","No gaugings/ ratings found pre 71",""
21/11/1946 00:00,4.030,303.21,"10a","Stage from CEH typed sheet 1908-74.","No gaugings/ ratings found pre 71",""
22/11/1946 00:00,4.260,329.15,"10a","Stage from CEH typed sheet 1908-74.","No gaugings/ ratings found pre 71",""
24/11/1946 00:00,4.640,373.60,"10a","Stage from CEH typed sheet 1908-74.","No gaugings/ ratings found pre 71",""
28/11/1946 00:00,4.190,321.17,"10a","Stage from CEH typed sheet 1908-74.","No gaugings/ ratings found pre 71",""
14/01/1947 00:00,3.450,241.16,"10a","Stage from CEH typed sheet 1908-74.","No gaugings/ ratings found pre 71",""
14/03/1947 00:00,4.380,342.97,"10a","Stage from CEH typed sheet 1908-74.","No gaugings/ ratings found pre 71",""
19/03/1947 00:00,5.710,508.87,"10a","Stage from CEH typed sheet 1908-74.","No gaugings/ ratings found pre 71",""
08/04/1947 00:00,3.450,241.16,"10a","Stage from CEH typed sheet 1908-74.","No gaugings/ ratings found pre 71",""
27/12/1947 00:00,3.840,282.34,"10a","Stage from CEH typed sheet 1908-74.","No gaugings/ ratings found pre 71",""
01/01/1948 00:00,3.290,224.93,"10a","Stage from CEH typed sheet 1908-74.","No gaugings/ ratings found pre 71",""
03/01/1948 00:00,3.530,249.42,"10a","Stage from CEH typed sheet 1908-74.","No gaugings/ ratings found pre 71",""
11/01/1948 00:00,4.510,358.17,"10a","Stage from CEH typed sheet 1908-74.","No gaugings/ ratings found pre 71",""
13/01/1948 00:00,5.250,448.94,"10a","Stage from CEH typed sheet 1908-74.","No gaugings/ ratings found pre 71",""
02/02/1948 00:00,3.330,228.95,"10a","Stage from CEH typed sheet 1908-74.","No gaugings/ ratings found pre 71",""
13/09/1948 00:00,4.110,312.14,"10a","Stage from CEH typed sheet 1908-74.","No gaugings/ ratings found pre 71",""
09/12/1948 00:00,3.350,230.97,"10a","Stage from CEH typed sheet 1908-74.","No gaugings/ ratings found pre 71",""
12/12/1948 00:00,3.420,238.09,"10a","Stage from CEH typed sheet 1908-74.","No gaugings/ ratings found pre 71",""
14/12/1948 00:00,3.940,293.26,"10a","Stage from CEH typed sheet 1908-74.","No gaugings/ ratings found pre 71",""
31/12/1948 00:00,4.410,346.46,"10a","Stage from CEH typed sheet 1908-74.","No gaugings/ ratings found pre 71",""
01/01/1949 00:00,3.960,295.46,"10a","Stage from CEH typed sheet 1908-74.","No gaugings/ ratings found pre 71",""
06/04/1949 00:00,3.330,228.95,"10a","Stage from CEH typed sheet 1908-74.","No gaugings/ ratings found pre 71",""
07/04/1949 00:00,3.500,246.32,"10a","Stage from CEH typed sheet 1908-74.","No gaugings/ ratings found pre 71",""
18/11/1949 00:00,3.270,222.93,"10a","Stage from CEH typed sheet 1908-74.","No gaugings/ ratings found pre 71",""
04/12/1949 00:00,3.910,289.97,"10a","Stage from CEH typed sheet 1908-74.","No gaugings/ ratings found pre 71",""
19/12/1949 00:00,3.270,222.93,"10a","Stage from CEH typed sheet 1908-74.","No gaugings/ ratings found pre 71",""
11/02/1950 00:00,4.720,383.21,"10a","Stage from CEH typed sheet 1908-74.","No gaugings/ ratings found pre 71",""
13/02/1950 00:00,4.110,312.14,"10a","Stage from CEH typed sheet 1908-74.","No gaugings/ ratings found pre 71",""
25/09/1950 00:00,3.760,273.71,"10a","Stage from CEH typed sheet 1908-74.","No gaugings/ ratings found pre 71",""
28/12/1950 00:00,3.270,222.93,"10a","Stage from CEH typed sheet 1908-74.","No gaugings/ ratings found pre 71",""
06/01/1951 00:00,3.960,295.46,"10a","Stage from CEH typed sheet 1908-74.","No gaugings/ ratings found pre 71",""
22/03/1951 00:00,3.330,228.95,"10a","Stage from CEH typed sheet 1908-74.","No gaugings/ ratings found pre 71",""
24/03/1951 00:00,3.330,228.95,"10a","Stage from CEH typed sheet 1908-74.","No gaugings/ ratings found pre 71",""
13/04/1951 00:00,3.300,225.93,"10a","Stage from CEH typed sheet 1908-74.","No gaugings/ ratings found pre 71",""
25/11/1951 00:00,4.780,390.47,"10a","Stage from CEH typed sheet 1908-74.","No gaugings/ ratings found pre 71",""
28/10/1952 00:00,2.970,193.67,"10a","Stage from CEH typed sheet 1908-74.","No gaugings/ ratings found pre 71",""
17/12/1952 00:00,3.990,298.77,"10a","Stage from CEH typed sheet 1908-74.","No gaugings/ ratings found pre 71",""
19/12/1952 00:00,2.950,191.77,"10a","Stage from CEH typed sheet 1908-74.","No gaugings/ ratings found pre 71",""
21/12/1952 00:00,3.730,270.50,"10a","Stage from CEH typed sheet 1908-74.","No gaugings/ ratings found pre 71",""
29/03/1953 00:00,3.560,252.55,"10a","Stage from CEH typed sheet 1908-74.","No gaugings/ ratings found pre 71",""
01/04/1953 00:00,2.830,180.51,"10a","Stage from CEH typed sheet 1908-74.","No gaugings/ ratings found pre 71",""
22/09/1953 00:00,3.040,200.37,"10a","Stage from CEH typed sheet 1908-74.","No gaugings/ ratings found pre 71",""
02/11/1953 00:00,3.380,234.01,"10a","Stage from CEH typed sheet 1908-74.","No gaugings/ ratings found pre 71",""
09/11/1953 00:00,2.890,186.11,"10a","Stage from CEH typed sheet 1908-74.","No gaugings/ ratings found pre 71",""
14/11/1953 00:00,2.890,186.11,"10a","Stage from CEH typed sheet 1908-74.","No gaugings/ ratings found pre 71",""
21/01/1954 00:00,2.810,178.66,"10a","Stage from CEH typed sheet 1908-74.","No gaugings/ ratings found pre 71",""
10/02/1954 00:00,2.890,186.11,"10a","Stage from CEH typed sheet 1908-74.","No gaugings/ ratings found pre 71",""
07/03/1954 00:00,3.680,265.17,"10a","Stage from CEH typed sheet 1908-74.","No gaugings/ ratings found pre 71",""
11/06/1954 00:00,3.380,234.01,"10a","Stage from CEH typed sheet 1908-74.","No gaugings/ ratings found pre 71",""
19/10/1954 00:00,3.100,206.17,"10a","Stage from CEH typed sheet 1908-74.","No gaugings/ ratings found pre 71",""
24/10/1954 00:00,3.730,270.50,"10a","Stage from CEH typed sheet 1908-74.","No gaugings/ ratings found pre 71",""
27/10/1954 00:00,3.440,240.14,"10a","Stage from CEH typed sheet 1908-74.","No gaugings/ ratings found pre 71",""
06/11/1954 00:00,4.020,302.09,"10a","Stage from CEH typed sheet 1908-74.","No gaugings/ ratings found pre 71",""
09/11/1954 00:00,2.890,186.11,"10a","Stage from CEH typed sheet 1908-74.","No gaugings/ ratings found pre 71",""
28/11/1954 00:00,4.380,342.97,"10a","Stage from CEH typed sheet 1908-74.","No gaugings/ ratings found pre 71",""
14/12/1954 00:00,3.840,282.34,"10a","Stage from CEH typed sheet 1908-74.","No gaugings/ ratings found pre 71",""
16/01/1955 00:00,2.920,188.93,"10a","Stage from CEH typed sheet 1908-74.","No gaugings/ ratings found pre 71",""
27/03/1955 00:00,4.600,368.83,"10a","Stage from CEH typed sheet 1908-74.","No gaugings/ ratings found pre 71",""
22/04/1955 00:00,3.800,278.01,"10a","Stage from CEH typed sheet 1908-74.","No gaugings/ ratings found pre 71",""
08/06/1955 00:00,4.230,325.72,"10a","Stage from CEH typed sheet 1908-74.","No gaugings/ ratings found pre 71",""
14/12/1955 00:00,3.440,240.14,"10a","Stage from CEH typed sheet 1908-74.","No gaugings/ ratings found pre 71",""
26/09/1957 00:00,4.600,368.83,"10a","Stage from CEH typed sheet 1908-74.","No gaugings/ ratings found pre 71",""
10/02/1958 00:00,4.510,358.17,"10a","Stage from CEH typed sheet 1908-74.","No gaugings/ ratings found pre 71",""
22/01/1959 00:00,4.410,346.46,"10a","Stage from CEH typed sheet 1908-74.","No gaugings/ ratings found pre 71",""
17/04/1959 00:00,3.700,267.30,"10a","Stage from CEH typed sheet 1908-74.","No gaugings/ ratings found pre 71",""
26/11/1959 00:00,3.490,245.28,"10a","Stage from CEH typed sheet 1908-74.","No gaugings/ ratings found pre 71",""
20/12/1959 00:00,3.440,240.14,"10a","Stage from CEH typed sheet 1908-74.","No gaugings/ ratings found pre 71",""
25/01/1960 00:00,4.520,359.35,"10a","Stage from CEH typed sheet 1908-74.","No gaugings/ ratings found pre 71",""
27/02/1960 00:00,4.320,336.04,"10a","Stage from CEH typed sheet 1908-74.","No gaugings/ ratings found pre 71",""
04/04/1960 00:00,3.550,251.51,"10a","Stage from CEH typed sheet 1908-74.","No gaugings/ ratings found pre 71",""
25/10/1960 00:00,4.170,318.91,"10a","Stage from CEH typed sheet 1908-74.","No gaugings/ ratings found pre 71",""
04/11/1960 00:00,4.050,305.43,"10a","Stage from CEH typed sheet 1908-74.","No gaugings/ ratings found pre 71",""
04/12/1960 00:00,6.380,600.71,"10a","Stage from CEH typed sheet 1908-74.","No gaugings/ ratings found pre 71. Stage exceeds rating limit and bankful, flow underestimated",""
16/01/1962 00:00,3.680,265.17,"10a","Stage from CEH typed sheet 1908-74.","No gaugings/ ratings found pre 71",""
13/02/1962 00:00,3.200,215.98,"10a","Stage from CEH typed sheet 1908-74.","No gaugings/ ratings found pre 71",""
12/09/1962 00:00,3.390,235.03,"10a","Stage from CEH typed sheet 1908-74.","No gaugings/ ratings found pre 71",""
15/12/1962 00:00,3.360,231.98,"10a","Stage from CEH typed sheet 1908-74.","No gaugings/ ratings found pre 71",""
06/03/1963 00:00,4.250,328.00,"10a","Stage from CEH typed sheet 1908-74.","No gaugings/ ratings found pre 71",""
26/11/1963 00:00,3.930,292.16,"10a","Stage from CEH typed sheet 1908-74.","No gaugings/ ratings found pre 71",""
13/12/1964 00:00,5.010,418.73,"10a","Stage from CEH typed sheet 1908-74.","No gaugings/ ratings found pre 71",""
16/01/1965 00:00,3.730,270.50,"10a","Stage from CEH typed sheet 1908-74.","No gaugings/ ratings found pre 71",""
10/12/1965 00:00,5.370,464.33,"10a","Stage from CEH typed sheet 1908-74.","No gaugings/ ratings found pre 71",""
25/02/1966 00:00,4.000,299.88,"10a","Stage from CEH typed sheet 1908-74.","No gaugings/ ratings found pre 71",""
09/05/1966 00:00,4.030,303.21,"10a","Stage from CEH typed sheet 1908-74.","No gaugings/ ratings found pre 71",""
10/12/1966 00:00,4.700,380.80,"10a","Stage from CEH typed sheet 1908-74.","No gaugings/ ratings found pre 71",""
23/02/1967 00:00,3.580,254.64,"10a","Stage from CEH typed sheet 1908-74.","No gaugings/ ratings found pre 71",""
28/03/1967 00:00,4.340,338.34,"10a","Stage from CEH typed sheet 1908-74.","No gaugings/ ratings found pre 71",""
17/10/1967 00:00,4.770,389.25,"10a","Stage from CEH typed sheet 1908-74.","No gaugings/ ratings found pre 71",""
03/11/1967 00:00,3.350,230.97,"10a","Stage from CEH typed sheet 1908-74.","No gaugings/ ratings found pre 71",""
24/12/1967 00:00,3.360,231.98,"10a","Stage from CEH typed sheet 1908-74.","No gaugings/ ratings found pre 71",""
15/01/1968 00:00,5.120,432.49,"10a","Stage from CEH typed sheet 1908-74.","No gaugings/ ratings found pre 71",""
28/10/1968 00:00,3.230,218.95,"10a","Stage from CEH typed sheet 1908-74.","No gaugings/ ratings found pre 71",""
02/11/1968 00:00,3.270,222.93,"10a","Stage from CEH typed sheet 1908-74.","No gaugings/ ratings found pre 71",""
22/12/1968 00:00,3.270,222.93,"10a","Stage from CEH typed sheet 1908-74.","No gaugings/ ratings found pre 71",""
18/01/1969 00:00,3.970,296.56,"10a","Stage from CEH typed sheet 1908-74.","No gaugings/ ratings found pre 71",""
27/05/1969 00:00,3.760,273.71,"10a","Stage from CEH typed sheet 1908-74.","No gaugings/ ratings found pre 71",""
11/11/1969 00:00,4.470,353.47,"10a","CEH file","",""
14/12/1969 00:00,3.380,234.01,"10a","CEH file","",""
22/12/1969 00:00,4.690,379.59,"10a","CEH file","",""
16/01/1970 00:00,3.000,196.53,"10a","CEH file","",""
22/01/1970 00:00,3.260,221.93,"10a","CEH file","",""
24/01/1970 00:00,3.230,218.95,"10a","CEH file","",""
04/02/1970 00:00,3.440,240.14,"10a","CEH file","",""
20/02/1970 00:00,4.710,382.00,"10a","CEH file","",""
22/02/1970 00:00,4.880,402.67,"10a","CEH file","",""
22/04/1970 00:00,3.170,213.02,"10a","CEH file","",""
23/04/1970 00:00,3.570,253.59,"10a","CEH file","",""
02/11/1970 00:00,3.840,282.34,"10a","CEH file","",""
07/11/1970 00:00,4.110,312.14,"10a","CEH file","",""
18/11/1970 00:00,3.540,250.46,"10a","CEH file","",""
19/11/1970 00:00,3.140,210.08,"10a","CEH file","",""
21/11/1970 00:00,3.080,204.23,"10a","CEH file","",""
23/11/1970 00:00,3.580,254.64,"10a","CEH file","",""
08/01/1971 00:00,3.430,239.11,"10a","CEH file","",""
24/01/1971 00:00,3.410,237.07,"10a","CEH file","",""
27/01/1971 00:00,3.780,275.86,"10a","CEH file","",""
17/02/1971 00:00,3.290,224.93,"10a","CEH file","",""
19/10/1971 00:00,4.190,321.17,"10a","CEH file","",""
21/11/1971 00:00,3.400,236.05,"10a","CEH file","",""
24/01/1972 00:00,2.930,189.88,"10a","CEH file","",""
27/01/1972 00:00,3.810,279.09,"10a","CEH file","",""
16/02/1972 00:00,3.750,272.64,"10a","CEH file","",""
08/03/1972 00:00,3.050,201.33,"10a","CEH file","",""
08/04/1972 00:00,3.780,275.86,"10a","CEH file","",""
11/04/1972 00:00,3.600,256.73,"10a","CEH file","",""
13/11/1972 00:00,3.820,280.17,"10a","CEH file","",""
02/12/1972 00:00,3.390,235.03,"10a","CEH file","",""
04/12/1972 00:00,3.910,289.97,"10a","CEH file","",""
06/12/1972 00:00,4.650,374.80,"10a","CEH file","",""
07/12/1972 00:00,4.820,395.33,"10a","CEH file","",""
12/12/1972 00:00,4.050,305.43,"10a","CEH file","",""
13/12/1972 00:00,3.790,276.94,"10a","CEH file","",""
13/02/1973 00:00,4.590,367.64,"10a","CEH file","",""
02/04/1973 00:00,3.020,198.45,"10a","CEH file","",""
06/08/1973 00:00,4.620,371.21,"10a","CEH file","",""
08/01/1974 00:00,3.500,246.32,"10a","CEH file","",""
11/01/1974 00:00,3.500,246.32,"10a","CEH file","",""
15/01/1974 00:00,3.410,237.07,"10a","CEH file","",""
16/01/1974 00:00,4.430,348.79,"10a","CEH file","",""
30/01/1974 00:00,4.390,344.13,"10a","CEH file","",""
02/02/1974 00:00,3.670,264.11,"10a","CEH file","",""
09/02/1974 00:00,3.850,283.43,"10a","CEH file","",""
10/02/1974 00:00,4.070,307.66,"10a","CEH file","",""
12/02/1974 00:00,5.320,457.89,"10a","CEH file","Non-independent peak removed",""
15/02/1974 00:00,3.670,264.11,"10a","CEH file","",""
11/11/1974 00:00,3.510,247.35,"10a","CEH file","",""
14/11/1974 00:00,4.820,395.33,"10a","CEH file","",""
22/12/1974 00:00,4.450,351.13,"10a","CEH file","",""
26/12/1974 00:00,3.500,246.32,"10a","CEH file","Non-independent peak removed",""
27/12/1974 00:00,4.010,300.99,"10a","CEH file","Non-independent peak removed",""
28/12/1974 00:00,3.600,256.73,"10a","CEH file","Non-independent peak removed",""
22/01/1975 00:00,4.940,410.05,"10a","CEH file","",""
25/01/1975 00:00,4.010,300.99,"10a","CEH file","",""
28/01/1975 00:00,3.920,291.06,"10a","CEH file","",""
07/02/1975 00:00,4.030,303.21,"10a","CEH file","",""
02/12/1975 00:00,4.560,364.08,"10a","CEH file","",""
12/02/1976 00:00,3.770,274.78,"10a","CEH file","",""
03/02/1977 00:00,3.880,286.69,"10a","CEH file","",""
11/02/1977 00:00,3.790,276.94,"10a","CEH file","",""
21/02/1977 00:00,3.520,248.39,"10a","CEH file","",""
31/10/1977 00:00,3.510,247.35,"10a","CEH file","",""
02/11/1977 00:00,4.120,313.27,"10a","CEH file","",""
20/11/1977 00:00,4.170,318.91,"10a","CEH file","",""
12/12/1977 00:00,3.870,285.60,"10a","CEH file","",""
02/02/1978 00:00,4.030,303.21,"10a","CEH file","",""
04/02/1978 00:00,3.490,245.28,"10a","CEH file","",""
14/12/1978 00:00,4.840,397.77,"10a","CEH file","",""
28/12/1978 00:00,3.430,239.11,"10a","CEH file","",""
01/02/1979 00:00,4.470,353.47,"10a","CEH file","",""
28/02/1979 00:00,3.530,249.42,"10a","CEH file","",""
02/03/1979 00:00,3.760,273.71,"10a","CEH file","",""
03/03/1979 00:00,4.820,395.33,"10a","CEH file","",""
09/03/1979 00:00,4.280,331.44,"10a","CEH file","",""
11/03/1979 00:00,4.580,366.45,"10a","CEH file","",""
25/03/1979 00:00,4.150,316.65,"10a","CEH file","",""
11/05/1979 00:00,3.440,240.14,"10a","CEH file","",""
06/11/1979 00:00,3.720,269.43,"10a","CEH file","",""
07/11/1979 00:00,3.740,271.57,"10a","CEH file","",""
27/11/1979 00:00,3.740,271.57,"10a","CEH file","",""
05/12/1979 00:00,4.290,332.59,"10a","CEH file","",""
09/12/1979 00:00,3.570,253.59,"10a","CEH file","",""
11/12/1979 00:00,4.050,305.43,"10a","CEH file","Non-independent peak removed",""
13/12/1979 00:00,3.580,254.64,"10a","CEH file","",""
14/12/1979 00:00,3.920,291.06,"10a","CEH file","",""
15/12/1979 00:00,4.180,320.04,"10a","CEH file","",""
28/12/1979 00:00,6.040,553.44,"10a","CEH file","",""
04/01/1980 00:00,3.590,255.68,"10a","CEH file","",""
05/02/1980 00:00,4.670,377.19,"10a","CEH file","",""
08/02/1980 00:00,4.280,331.44,"10a","CEH file","",""
29/03/1980 00:00,3.690,266.24,"10a","CEH file","",""
07/10/1980 00:00,3.520,248.39,"10a","CEH file","",""
28/10/1980 00:00,3.590,255.68,"10a","CEH file","",""
22/11/1980 00:00,4.650,374.80,"10a","CEH file","",""
17/12/1980 00:00,3.470,243.22,"10a","CEH file","",""
20/12/1980 00:00,3.530,249.42,"10a","CEH file","",""
14/01/1981 00:00,4.490,355.82,"10a","CEH file","",""
03/02/1981 00:00,4.040,304.32,"10a","CEH file","",""
12/03/1981 10:30,5.250,448.94,"10a","Digital Archive","",""
22/03/1981 17:45,5.622,497.21,"10a","Digital Archive","",""
20/09/1981 12:30,3.539,250.36,"10a","Digital Archive","",""
30/09/1981 16:15,3.819,280.07,"10a","Digital Archive","",""
10/10/1981 11:15,4.394,344.60,"10a","Digital Archive","",""
20/10/1981 19:45,3.878,286.47,"10a","Digital Archive","",""
15/12/1981 12:45,3.490,245.28,"10a","Digital Archive","",""
31/12/1981 01:00,3.378,233.81,"10a","Digital Archive","",""
03/01/1982 12:30,4.204,322.76,"10a","Digital Archive","",""
19/01/1982 10:00,3.279,223.83,"10a","Digital Archive","",""
06/03/1982 21:30,3.430,239.11,"10a","Digital Archive","",""
10/03/1982 15:00,3.740,271.57,"10a","Digital Archive","",""
15/03/1982 22:15,4.935,409.44,"10a","Digital Archive","",""
12/11/1982 00:00,3.860,284.51,"10a","CEH file","",""
21/11/1982 00:00,4.900,405.13,"10a","CEH file","",""
08/12/1982 00:00,3.670,264.11,"10a","CEH file","",""
10/12/1982 00:00,4.340,338.34,"10a","CEH file","",""
15/12/1982 00:00,3.740,271.57,"10a","CEH file","",""
19/12/1982 00:00,4.670,377.19,"10a","CEH file","",""
03/01/1983 00:00,3.540,250.46,"10a","CEH file","Non-independent peak removed",""
04/01/1983 00:00,4.400,345.30,"10a","CEH file","Non-independent peak removed",""
05/01/1983 00:00,3.480,244.25,"10a","CEH file","Non-independent peak removed",""
06/01/1983 00:00,4.160,317.78,"10a","CEH file","",""
14/01/1983 00:00,4.090,309.90,"10a","CEH file","",""
01/02/1983 00:00,4.890,403.90,"10a","CEH file","",""
15/10/1983 00:00,4.370,341.81,"10a","CEH file","",""
15/12/1983 00:00,4.220,324.58,"10a","CEH file","",""
20/12/1983 00:00,3.480,244.25,"10a","CEH file","",""
21/12/1983 00:00,3.580,254.64,"10a","CEH file","",""
24/12/1983 00:00,3.670,264.11,"10a","CEH file","",""
22/09/1984 13:15,1.501,73.02,"10a","Digital Archive","","AMAX ONLY"
13/11/1984 02:15,3.401,236.15,"10a","Digital Archive","",""
24/11/1984 11:00,4.855,399.61,"10a","Digital Archive","",""
02/12/1984 11:45,3.753,272.96,"10a","Digital Archive","",""
12/06/1985 15:30,3.341,230.06,"10a","Digital Archive","",""
16/08/1985 03:15,3.331,229.05,"10a","Digital Archive","",""
07/10/1985 10:15,4.782,390.71,"10a","Digital Archive","",""
07/12/1985 10:15,3.493,245.59,"10a","Digital Archive","",""
22/12/1985 21:00,5.098,429.72,"10a","Digital Archive","",""
11/01/1986 04:00,4.915,406.97,"10a","Digital Archive","",""
19/01/1986 14:15,3.653,262.32,"10a","Digital Archive","",""
23/01/1986 04:45,4.038,304.10,"10a","Digital Archive","",""
05/03/1986 09:00,3.510,247.35,"10a","Digital Archive","",""
26/08/1986 14:45,4.152,316.87,"10a","Digital Archive","",""
10/11/1986 15:15,3.371,233.10,"10a","Digital Archive","",""
15/11/1986 05:00,3.292,225.13,"10a","Digital Archive","",""
20/11/1986 00:15,5.539,486.29,"10a","Digital Archive","",""
26/11/1986 14:45,4.708,381.76,"10a","Digital Archive","",""
09/12/1986 03:15,3.674,264.54,"10a","Digital Archive","",""
13/12/1986 18:30,4.102,311.25,"10a","Digital Archive","Non-independent peak removed",""
31/12/1986 07:45,5.339,460.33,"10a","Digital Archive","",""
05/01/1987 07:15,3.667,263.80,"10a","Digital Archive","",""
28/03/1987 05:00,5.388,466.65,"10a","Digital Archive","",""
05/04/1987 10:45,4.657,375.63,"10a","Digital Archive","",""
19/10/1987 19:30,4.921,407.71,"10a","Digital Archive","Non-independent peak removed",""
20/11/1987 05:45,3.875,286.15,"10a","Digital Archive","",""
30/12/1987 03:00,3.798,277.80,"10a","Digital Archive","",""
03/01/1988 09:00,5.043,422.84,"10a","Digital Archive","",""
07/01/1988 05:15,3.471,243.32,"10a","Digital Archive","",""
24/01/1988 22:15,4.756,387.56,"10a","Digital Archive","",""
16/03/1988 02:45,3.296,225.53,"10a","Digital Archive","",""
20/03/1988 07:45,4.196,321.85,"10a","Digital Archive","",""
26/09/1988 21:00,3.296,225.53,"10a","Digital Archive","",""
19/02/1989 01:45,3.974,297.00,"10a","Digital Archive","",""
25/02/1989 03:15,3.282,224.13,"10a","Digital Archive","",""
02/03/1989 04:45,4.072,307.89,"10a","Digital Archive","",""
15/03/1989 10:00,4.382,343.21,"10a","Digital Archive","",""
24/03/1989 23:00,4.752,387.07,"10a","Digital Archive","",""
29/10/1989 20:30,4.670,377.19,"10a","Digital Archive","",""
09/11/1989 07:30,3.464,242.60,"10a","Digital Archive","",""
18/12/1989 00:00,4.416,347.16,"10a","Digital Archive","",""
22/12/1989 07:00,5.073,426.59,"10a","Digital Archive","",""
25/12/1989 13:00,5.041,422.59,"10a","Digital Archive","",""
30/01/1990 15:45,5.144,435.51,"10a","Digital Archive","",""
08/02/1990 16:45,5.638,499.32,"10a","Digital Archive","",""
12/02/1990 12:45,4.547,362.54,"10a","Digital Archive","",""
26/12/1990 02:15,3.591,255.79,"10a","Digital Archive","",""
02/01/1991 17:15,4.764,388.52,"10a","Digital Archive","",""
10/01/1991 19:15,5.208,443.60,"10a","Digital Archive","",""
23/02/1991 21:45,4.724,383.69,"10a","Digital Archive","",""
05/03/1991 11:45,3.341,230.06,"10a","Digital Archive","",""
11/11/1991 17:45,3.561,252.65,"10a","Digital Archive","",""
10/01/1992 02:45,4.958,412.28,"10a","Digital Archive","",""
22/03/1992 23:15,4.693,379.95,"10a","Digital Archive","",""
09/08/1992 03:00,3.796,277.58,"10a","Digital Archive","",""
31/08/1992 04:15,4.046,304.99,"10a","Digital Archive","",""
23/11/1992 06:00,3.392,235.23,"10a","Digital Archive","",""
26/11/1992 18:45,3.460,242.19,"10a","Digital Archive","",""
03/12/1992 12:45,5.699,507.41,"10a","Digital Archive","",""
07/12/1992 12:30,3.463,242.50,"10a","Digital Archive","",""
19/12/1992 03:00,4.558,363.84,"10a","Digital Archive","",""
11/01/1993 03:15,4.196,321.85,"10a","Digital Archive","",""
14/01/1993 06:45,4.335,337.77,"10a","Digital Archive","",""
27/01/1993 14:15,3.776,275.43,"10a","Digital Archive","",""
13/11/1993 23:15,4.209,323.33,"10a","Digital Archive","",""
09/12/1993 10:00,4.794,392.17,"10a","Digital Archive","",""
13/12/1993 17:15,5.037,422.09,"10a","Digital Archive","",""
20/12/1993 01:45,5.046,423.21,"10a","Digital Archive","",""
23/12/1993 05:15,4.580,366.45,"10a","Digital Archive","",""
04/01/1994 08:15,3.359,231.88,"10a","Digital Archive","",""
13/01/1994 15:30,4.407,346.11,"10a","Digital Archive","",""
23/01/1994 23:00,4.426,348.33,"10a","Digital Archive","",""
26/02/1994 17:45,3.315,227.44,"10a","Digital Archive","",""
19/03/1994 12:45,4.293,332.93,"10a","Digital Archive","",""
01/04/1994 21:30,4.530,360.53,"10a","Digital Archive","",""
09/04/1994 07:00,4.298,333.50,"10a","Digital Archive","",""
30/10/1994 17:45,3.698,267.09,"10a","Digital Archive","",""
08/12/1994 22:45,4.747,386.47,"10a","Digital Archive","",""
28/12/1994 10:30,5.782,518.48,"10a","Digital Archive","Stage exceeds rating limit and bankful, flow underestimated",""
22/01/1995 06:15,4.745,386.22,"10a","Digital Archive","",""
28/01/1995 16:45,5.048,423.46,"10a","Digital Archive","",""
01/02/1995 15:30,3.483,244.56,"10a","Digital Archive","",""
14/02/1995 00:45,3.964,295.90,"10a","Digital Archive","",""
19/02/1995 15:45,3.921,291.17,"10a","Digital Archive","",""
23/02/1995 07:45,3.540,250.46,"10a","Digital Archive","",""
06/03/1995 07:15,3.299,225.83,"10a","Digital Archive","",""
23/12/1995 06:15,4.684,378.87,"10a","Digital Archive","",""
09/01/1996 08:45,3.792,277.15,"10a","Digital Archive","",""
12/02/1996 19:45,4.096,310.57,"10a","Digital Archive","",""
24/05/1996 19:30,3.315,227.44,"10a","Digital Archive","",""
04/12/1996 01:45,3.558,252.34,"10a","Digital Archive","",""
13/02/1997 03:00,3.799,277.91,"10a","Digital Archive","",""
20/02/1997 10:00,4.296,333.27,"10a","Digital Archive","",""
25/02/1997 11:30,4.285,332.01,"10a","Digital Archive","",""
29/11/1997 17:30,4.543,362.07,"10a","Digital Archive","",""
11/12/1997 00:00,3.749,272.53,"10a","Digital Archive","",""
05/01/1998 13:45,5.155,436.90,"10a","Digital Archive","",""
09/01/1998 08:45,5.083,427.84,"10a","Digital Archive","",""
19/01/1998 11:30,4.559,363.96,"10a","Digital Archive","",""
07/03/1998 19:15,5.801,521.03,"10a","Digital Archive","Stage exceeds rating limit and bankful, flow underestimated",""
06/04/1998 03:00,3.335,229.46,"10a","Digital Archive","",""
10/04/1998 00:45,4.818,395.09,"10a","Digital Archive","",""
17/10/1998 14:30,3.572,253.80,"10a","Digital Archive","",""
24/10/1998 03:45,5.783,518.62,"10a","Digital Archive","Stage exceeds rating limit and bankful, flow underestimated",""
28/10/1998 21:45,6.430,607.77,"10a","WS Atkins Slope Area Assessment - used wrack marks","WS Atkins best flow estimate (using hydraulic model and flood levels through Hereford) is 706m3/s. Stage exceeds rating limit and bankful, flow underestimated (by 15%)",""
01/11/1998 09:15,4.135,314.96,"10a","Digital Archive","",""
09/11/1998 17:30,4.072,307.89,"10a","Digital Archive","",""
27/12/1998 06:45,4.414,346.93,"10a","Digital Archive","",""
07/01/1999 07:15,4.053,305.77,"10a","Digital Archive","",""
16/01/1999 22:45,5.401,468.33,"10a","Digital Archive","",""
29/01/1999 00:30,4.168,318.68,"10a","Digital Archive","",""
20/02/1999 03:00,3.283,224.23,"10a","Digital Archive","",""
03/03/1999 13:45,5.413,469.88,"10a","Digital Archive","",""
19/09/1999 23:15,3.648,261.79,"10a","Digital Archive","",""
25/09/1999 10:00,4.148,316.42,"10a","Digital Archive","",""
02/10/1999 19:15,4.851,399.12,"10a","Digital Archive","",""
06/11/1999 09:30,4.254,328.46,"10a","Digital Archive","",""
25/11/1999 16:30,3.549,251.40,"10a","Digital Archive","",""
12/12/1999 06:30,4.954,411.78,"10a","Digital Archive","",""
18/12/1999 03:30,4.892,404.14,"10a","Digital Archive","",""
25/12/1999 20:15,5.243,448.05,"10a","Digital Archive","",""
31/12/1999 09:00,3.974,297.00,"10a","Digital Archive","",""
31/01/2000 02:30,4.024,302.54,"10a","Digital Archive","",""
28/02/2000 12:45,4.463,352.65,"10a","Digital Archive","Non-independent peak removed BNon-independent peak removed A",""
03/03/2000 22:00,4.676,377.91,"10a","Digital Archive","",""
28/09/2000 12:45,4.061,306.66,"10a","Digital Archive","",""
11/10/2000 17:00,3.921,291.17,"10a","Digital Archive","",""
31/10/2000 10:00,6.026,551.53,"10a","Digital Archive","Stage exceeds rating limit and bankful, flow underestimated",""
06/11/2000 21:15,5.100,429.97,"10a","Digital Archive","",""
22/11/2000 20:00,4.857,399.85,"10a","Digital Archive","",""
28/11/2000 20:15,4.342,338.57,"10a","Digital Archive","",""
02/12/2000 04:15,3.634,260.31,"10a","Digital Archive","",""
08/12/2000 21:30,5.244,448.18,"10a","Digital Archive","",""
12/12/2000 10:15,5.625,497.60,"10a","Digital Archive","",""
03/01/2001 11:15,3.279,223.83,"10a","Digital Archive","",""
24/01/2001 10:00,3.321,228.05,"10a","Digital Archive","",""
05/02/2001 01:15,3.562,252.76,"10a","Digital Archive","",""
13/02/2001 08:00,5.217,444.75,"10a","Digital Archive","",""
24/03/2001 02:15,2.779,175.80,"10a","Digital Archive","",""
06/04/2001 08:45,3.063,202.59,"10a","Digital Archive","",""
09/04/2001 11:45,3.536,250.05,"10a","Digital Archive","",""
08/10/2001 20:00,4.793,392.04,"10a","Digital Archive","",""
20/10/2001 23:30,3.130,209.10,"10a","Digital Archive","",""
27/10/2001 02:45,4.559,363.96,"10a","Digital Archive","",""
08/11/2001 17:30,4.456,351.83,"10a","Digital Archive","",""
30/11/2001 04:15,4.127,314.06,"10a","Digital Archive","",""
05/12/2001 23:45,2.845,181.91,"10a","Digital Archive","Non-independent peak removed B",""
27/01/2002 10:15,5.237,447.29,"10a","Digital Archive","",""
03/02/2002 10:45,6.026,551.53,"10a","Digital Archive","Stage exceeds rating limit and bankfull; flow underestimated,",""
12/02/2002 08:30,5.488,479.62,"10a","Digital Archive","",""
20/02/2002 21:15,5.013,419.10,"10a","Digital Archive","",""
26/02/2002 22:45,5.438,473.12,"10a","Digital Archive","",""
01/05/2002 00:30,2.815,179.12,"10a","Digital Archive","",""
23/05/2002 13:45,3.072,203.46,"10a","Digital Archive","",""
27/10/2002 18:00,2.826,180.14,"10a","Digital Archive","",""
03/11/2002 11:45,3.085,204.72,"10a","Digital Archive","",""
09/11/2002 09:00,4.761,388.16,"10a","Digital Archive","",""
15/11/2002 01:30,4.607,369.66,"10a","Digital Archive","",""
03/12/2002 01:45,4.818,395.09,"10a","Digital Archive","",""
30/12/2002 08:30,4.929,408.70,"10a","Digital Archive","Non-independent peak removed",""
09/03/2003 08:15,3.322,228.15,"10a","Digital Archive","",""
14/12/2003 02:30,3.646,261.58,"10a","Digital Archive","Series used : 055002SG,055002SG,",""
21/12/2003 08:30,2.504,151.14,"10a","Digital Archive","Series used : 055002SG,055002SG,",""
27/12/2003 12:30,2.854,182.74,"10a","Digital Archive","Series used : 055002SG,055002SG,",""
09/01/2004 06:00,3.315,227.44,"10a","Digital Archive","Series used : 055002SG,055002SG,",""
16/01/2004 22:00,4.831,396.67,"10a","Digital Archive","Series used : 055002SG,055002SG,",""
01/02/2004 07:30,4.920,407.59,"10a","Digital Archive","Series used : 055002SG,055002SG,",""
05/02/2004 15:30,5.789,519.42,"10a","Digital Archive","Series used : 055002SG,055002SG,",""
20/03/2004 02:45,2.735,171.77,"10a","Digital Archive","Series used : 055002SG,055002SG,",""
04/04/2004 15:15,2.674,166.23,"10a","Digital Archive","Series used : 055002SG,055002SG,",""
13/09/2004 21:30,2.431,144.82,"10a","Digital Archive","Series used : 055002SG,055002SG,",""
24/09/2004 01:30,2.316,135.05,"10a","Digital Archive","Series used : 055002SG,055002SG,",""
04/10/2004 22:15,4.646,374.32,"10a","Digital Archive","Series used : 055002SG,055002SG,",""
24/10/2004 15:00,5.269,451.37,"10a","Digital Archive","Series used : 055002SG,055002SG,",""
19/11/2004 13:00,3.424,238.50,"10a","Digital Archive","Series used : 055002SG,055002SG,",""
18/12/2004 03:45,2.313,134.80,"10a","Digital Archive","Series used : 055002SG,055002SG,",""
23/12/2004 06:00,4.562,364.32,"10a","Digital Archive","Series used : 055002SG,055002SG,",""
28/12/2004 18:00,3.835,281.80,"10a","Digital Archive","Series used : 055002SG,055002SG,",""
10/01/2005 19:00,4.212,323.67,"10a","Digital Archive","Series used : 055002SG,055002SG,",""
21/01/2005 15:15,2.643,163.44,"10a","Digital Archive","Series used : 055002SG,055002SG,",""
13/02/2005 00:30,4.760,388.04,"10a","Digital Archive","Series used : 055002SG,055002SG,",""
31/03/2005 08:45,3.185,214.49,"10a","Digital Archive","Series used : 055002SG,055002SG,",""
22/10/2005 10:45,2.689,167.59,"10a","Digital Archive","Series used : 055002SG,055002SG,",""
25/10/2005 15:45,3.733,270.82,"10a","Digital Archive","Series used : 055002SG,055002SG,",""
31/10/2005 03:15,3.791,277.04,"10a","Digital Archive","Series used : 055002SG,055002SG,",""
09/11/2005 18:30,5.447,474.29,"10a","Digital Archive","Series used : 055002SG,055002SG,",""
03/12/2005 05:15,2.574,157.30,"10a","Digital Archive","Series used : 055002SG,055002SG,",""
08/12/2005 20:00,3.508,247.14,"10a","Digital Archive","Series used : 055002SG,055002SG,",""
11/01/2006 21:00,2.486,149.57,"10a","Digital Archive","Series used : 055002SG,055002SG,",""
15/02/2006 20:00,2.863,183.58,"10a","Digital Archive","Series used : 055002SG,055002SG,",""
09/03/2006 07:00,3.596,256.31,"10a","Digital Archive","Series used : 055002SG,055002SG,",""
28/03/2006 02:45,4.323,336.38,"10a","Digital Archive","Series used : 055002SG,055002SG,",""
23/05/2006 00:00,3.218,217.76,"10a","Digital Archive","Series used : 055002SG,055002SG,",""
27/05/2006 03:15,3.777,275.54,"10a","Digital Archive","Series used : 055002SG,055002SG,",""
25/11/2006 17:00,4.148,316.42,"10a","055002.SG.HiUKPOT","",""
29/11/2006 01:45,3.820,280.17,"10a","055002.SG.HiUKPOT","",""
05/12/2006 21:30,4.717,382.84,"10a","055002.SG.HiUKPOT","",""
12/12/2006 04:30,4.913,406.73,"10a","055002.SG.HiUKPOT","",""
31/12/2006 12:15,4.429,348.68,"10a","055002.SG.HiUKPOT","",""
12/01/2007 07:00,5.196,442.08,"10a","055002.SG.HiUKPOT","",""
19/01/2007 05:30,5.071,426.34,"10a","055002.SG.HiUKPOT","",""
13/02/2007 08:00,3.496,245.90,"10a","055002.SG.HiUKPOT","",""
07/03/2007 02:15,5.335,459.82,"10a","055002.SG.HiUKPOT","",""
03/07/2007 02:45,3.384,234.42,"10a","055002.SG.HiUKPOT","",""
21/07/2007 22:00,5.229,446.27,"10a","055002.SG.HiUKPOT","",""
27/07/2007 04:45,3.205,216.47,"10a","055002.SG.HiUKPOT","",""
03/12/2007 04:00,3.457,241.88,"10a","055002.SG.HiUKPOT","",""
08/12/2007 01:30,5.341,460.59,"10a","055002.SG.HiUKPOT","",""
29/12/2007 10:15,3.559,252.44,"10a","055002.SG.HiUKPOT","",""
11/01/2008 05:15,4.424,348.09,"10a","055002.SG.HiUKPOT","",""
16/01/2008 09:30,5.488,479.62,"10a","055002.SG.HiUKPOT","",""
20/01/2008 05:45,5.389,466.78,"10a","055002.SG.HiUKPOT","",""
06/02/2008 06:30,3.527,249.11,"10a","055002.SG.HiUKPOT","",""
11/03/2008 04:00,3.522,248.59,"10a","055002.SG.HiUKPOT","",""
16/03/2008 18:00,4.614,370.50,"10a","055002.SG.HiUKPOT","",""
30/03/2008 14:15,3.587,255.37,"10a","055002.SG.HiUKPOT","",""
19/08/2008 22:00,3.684,265.60,"10a","055002.SG.HiUKPOT","",""
06/09/2008 21:15,5.632,498.53,"10a","055002.SG.HiUKPOT","",""
06/10/2008 04:45,4.870,401.44,"10a","055002.SG.HiUKPOT","",""
27/10/2008 01:00,4.513,358.53,"10a","055002.SG.HiUKPOT","",""
10/11/2008 12:15,4.678,378.15,"10a","055002.SG.HiUKPOT","",""
13/12/2008 20:45,4.404,345.76,"10a","055002.SG.HiUKPOT","",""
13/01/2009 00:45,3.595,256.21,"10a","055002.SG.HiUKPOT","",""
18/01/2009 13:30,3.940,293.26,"10a","055002.SG.HiUKPOT","",""
23/01/2009 00:00,3.644,261.36,"10a","055002.SG.HiUKPOT","",""
17/07/2009 22:15,3.917,290.73,"10a","055002.SG.HiUKPOT","",""
30/07/2009 05:15,3.509,247.25,"10a","055002.SG.HiUKPOT","",""
03/09/2009 23:30,3.230,218.95,"10a","055002.SG.HiUKPOT","",""
02/11/2009 03:00,3.618,258.62,"10a","055002.SG.HiUKPOT","",""
06/11/2009 13:00,4.377,342.63,"10a","055002.SG.HiUKPOT","",""
14/11/2009 19:00,4.796,392.41,"10a","055002.SG.HiUKPOT","",""
19/11/2009 07:45,4.958,412.28,"10a","055002.SG.HiUKPOT","",""
23/11/2009 09:30,4.931,408.94,"10a","055002.SG.HiUKPOT","",""
28/11/2009 21:15,4.015,301.54,"10a","055002.SG.HiUKPOT","",""
06/12/2009 19:45,4.185,320.61,"10a","055002.SG.HiUKPOT","",""
17/01/2010 10:30,5.177,439.68,"10a","055002.SG.HiUKPOT","",""
20/07/2010 10:15,5.072,426.46,"10a","055002.SG.HiUKPOT","",""
11/09/2010 17:45,3.534,249.84,"10a","055002.SG.HiUKPOT","",""
04/10/2010 02:45,4.160,317.78,"10a","055002.SG.HiUKPOT","",""
13/01/2011 23:45,4.913,406.73,"10a","055002.SG.HiUKPOT","",""
17/01/2011 07:45,3.872,285.82,"10a","055002.SG.HiUKPOT","",""
06/02/2011 17:45,3.904,289.31,"10a","055002.SG.HiUKPOT","",""
09/12/2011 10:15,3.514,247.76,"10a","055002.SG.HiUKPOT","",""
13/12/2011 22:45,4.721,383.33,"10a","055002.SG.HiUKPOT","",""
20/12/2011 11:45,3.711,268.47,"10a","055002.SG.HiUKPOT","",""
24/12/2011 06:30,3.723,269.75,"10a","055002.SG.HiUKPOT","",""
04/01/2012 07:30,5.077,427.09,"10a","055002.SG.HiUKPOT","",""
02/05/2012 00:15,4.646,374.32,"10a","055002.SG.HiUKPOT","",""
09/06/2012 17:45,4.829,396.43,"10a","055002.SG.HiUKPOT","",""
17/06/2012 09:30,3.440,240.14,"10a","055002.SG.HiUKPOT","",""
23/06/2012 05:00,3.245,220.44,"10a","055002.SG.HiUKPOT","",""
07/07/2012 12:30,4.296,333.27,"10a","055002.SG.HiUKPOT","",""
25/09/2012 03:15,3.421,238.19,"10a","055002.SG.HiUKPOT","",""
25/11/2012 22:30,4.972,414.01,"10a","Digital Archive","",""
07/12/2012 17:00,3.393,235.34,"10a","Digital Archive","",""
23/12/2012 22:00,5.465,476.63,"10a","Digital Archive","",""
30/12/2012 11:15,5.285,453.41,"10a","Digital Archive","",""
28/01/2013 04:00,5.151,436.39,"10a","Digital Archive","",""
31/01/2013 19:30,3.398,235.84,"10a","Digital Archive","",""
11/02/2013 09:00,3.598,256.52,"10a","Digital Archive","",""
14/02/2013 21:45,4.742,385.86,"10a","Digital Archive","",""
15/05/2013 20:15,3.643,261.26,"10a","Digital Archive","",""
22/10/2013 16:15,3.953,294.64,"10a","Digital Archive","",""
29/10/2013 01:45,3.406,236.64,"10a","Digital Archive","",""
02/11/2013 12:15,3.400,236.05,"10a","Digital Archive","",""
07/11/2013 14:15,4.241,326.98,"10a","Digital Archive","",""
21/12/2013 17:00,4.352,339.73,"10a","Digital Archive","",""
25/12/2013 00:15,5.515,483.15,"10a","Digital Archive","",""
02/01/2014 19:30,5.288,453.80,"10a","Digital Archive","",""
09/01/2014 19:00,4.716,382.72,"10a","Digital Archive","",""
19/01/2014 11:45,4.277,331.09,"10a","Digital Archive","",""
29/01/2014 07:15,4.121,313.38,"10a","Digital Archive","",""
02/02/2014 11:30,4.126,313.94,"10a","Digital Archive","",""
06/02/2014 13:30,4.871,401.57,"10a","Digital Archive","",""
10/02/2014 00:00,5.587,492.59,"10a","Digital Archive","",""
13/02/2014 10:45,5.036,421.97,"10a","Digital Archive","",""
18/02/2014 13:45,3.514,247.76,"10a","Digital Archive","",""
13/12/2014 00:15,4.895,404.51,"10a","Digital Archive","",""
19/12/2014 23:15,4.875,402.06,"10a","Digital Archive","",""
16/01/2015 03:00,5.141,435.13,"10a","Digital Archive","",""
23/02/2015 14:30,3.263,222.23,"10a","Digital Archive","",""
31/03/2015 18:00,3.245,220.41,"10a","Digital Archive","",""
02/06/2015 21:30,3.358,231.78,"10a","Digital Archive","",""
15/11/2015 10:45,3.645,261.47,"10a","Digital Archive","",""
01/12/2015 21:30,5.548,487.53,"10a","Digital Archive","",""
13/12/2015 15:00,4.847,398.64,"10a","Digital Archive","",""
16/12/2015 20:45,3.614,258.22,"10a","Digital Archive","",""
20/12/2015 18:30,4.720,383.21,"10a","Digital Archive","",""
27/12/2015 19:30,4.870,401.45,"10a","Digital Archive","",""
31/12/2015 16:45,4.416,347.15,"10a","Digital Archive","",""
05/01/2016 09:45,4.473,353.78,"10a","Digital Archive","",""
10/01/2016 14:45,4.336,337.89,"10a","Digital Archive","",""
30/01/2016 16:30,4.098,310.74,"10a","Digital Archive","",""
09/02/2016 09:15,4.820,395.32,"10a","Digital Archive","",""
